ISO-10303-21;
HEADER;
FILE_DESCRIPTION(('STEP AP242'),'1');
FILE_NAME('0436500215.stp','2026-03-18T10:19:47',('TraceParts'),('TraceParts S.A.S.'),'Spatial InterOp 3D',' ',' ');
FILE_SCHEMA(('AP242_MANAGED_MODEL_BASED_3D_ENGINEERING_MIM_LF  {1 0 10303 442 1 1 4}'));
ENDSEC;
DATA;
#1=MECHANICAL_DESIGN_GEOMETRIC_PRESENTATION_REPRESENTATION(' ',(#10),#6);
#2=PRODUCT_DEFINITION_CONTEXT('',#11,'design');
#3=APPLICATION_PROTOCOL_DEFINITION('INTERNATIONAL STANDARD','ap242_managed_model_based_3d_engineering',2014,#11);
#4=PRODUCT_CATEGORY_RELATIONSHIP('NONE','NONE',#12,#13);
#5=SHAPE_DEFINITION_REPRESENTATION(#14,#15);
#6= (GEOMETRIC_REPRESENTATION_CONTEXT(3)GLOBAL_UNCERTAINTY_ASSIGNED_CONTEXT((#18))GLOBAL_UNIT_ASSIGNED_CONTEXT((#20,#21,#22))REPRESENTATION_CONTEXT('NONE','WORKSPACE'));
#10=STYLED_ITEM('',(#24),#25);
#11=APPLICATION_CONTEXT('managed model based 3d engineering');
#12=PRODUCT_CATEGORY('part','NONE');
#13=PRODUCT_RELATED_PRODUCT_CATEGORY('detail',' ',(#26));
#14=PRODUCT_DEFINITION_SHAPE('NONE','NONE',#27);
#15=ADVANCED_BREP_SHAPE_REPRESENTATION('1',(#25,#28),#6);
#18=UNCERTAINTY_MEASURE_WITH_UNIT(LENGTH_MEASURE(1.0E-06),#20,'','');
#20= (CONVERSION_BASED_UNIT('MILLIMETRE',#31)LENGTH_UNIT()NAMED_UNIT(#34));
#21= (NAMED_UNIT(#36)PLANE_ANGLE_UNIT()SI_UNIT($,.RADIAN.));
#22= (NAMED_UNIT(#36)SOLID_ANGLE_UNIT()SI_UNIT($,.STERADIAN.));
#24=PRESENTATION_STYLE_ASSIGNMENT((#42));
#25=MANIFOLD_SOLID_BREP('1',#43);
#26=PRODUCT('1','','PART--DESC',(#44));
#27=PRODUCT_DEFINITION('','NONE',#45,#2);
#28=AXIS2_PLACEMENT_3D('',#46,#47,#48);
#31=LENGTH_MEASURE_WITH_UNIT(LENGTH_MEASURE(1.0),#49);
#34=DIMENSIONAL_EXPONENTS(1.0,0.0,0.0,0.0,0.0,0.0,0.0);
#36=DIMENSIONAL_EXPONENTS(0.0,0.0,0.0,0.0,0.0,0.0,0.0);
#42=SURFACE_STYLE_USAGE(.BOTH.,#50);
#43=CLOSED_SHELL('',(#51,#52,#53,#54,#55,#56,#57,#58,#59,#60,#61,#62,#63,#64,#65,#66,#67,#68,#69,#70,#71,#72,#73,#74,#75,#76,#77,#78,#79,#80,#81,#82,#83,#84,#85,#86,#87,#88,#89,#90,#91,#92,#93,#94,#95,#96,#97,#98,#99,#100,#101,#102,#103,#104,#105,#106,#107,#108,#109,#110,#111,#112,#113,#114,#115,#116,#117,#118,#119,#120,#121,#122,#123,#124,#125,#126,#127,#128,#129,#130,#131,#132,#133,#134,#135,#136,#137,#138,#139,#140,#141,#142,#143,#144,#145,#146,#147,#148,#149,#150,#151,#152,#153,#154,#155,#156,#157,#158,#159,#160,#161,#162,#163,#164,#165,#166,#167,#168,#169,#170,#171,#172,#173,#174));
#44=PRODUCT_CONTEXT('',#11,'mechanical');
#45=PRODUCT_DEFINITION_FORMATION_WITH_SPECIFIED_SOURCE(' ','NONE',#26,.NOT_KNOWN.);
#46=CARTESIAN_POINT('',(0.0,0.0,0.0));
#47=DIRECTION('',(0.0,0.0,1.0));
#48=DIRECTION('',(1.0,0.0,0.0));
#49= (NAMED_UNIT(#34)LENGTH_UNIT()SI_UNIT(.MILLI.,.METRE.));
#50=SURFACE_SIDE_STYLE('',(#176));
#51=ADVANCED_FACE('',(#177),#178,.T.);
#52=ADVANCED_FACE('',(#179),#180,.F.);
#53=ADVANCED_FACE('',(#181),#182,.T.);
#54=ADVANCED_FACE('',(#183),#184,.F.);
#55=ADVANCED_FACE('',(#185),#186,.F.);
#56=ADVANCED_FACE('',(#187),#188,.T.);
#57=ADVANCED_FACE('',(#189),#190,.F.);
#58=ADVANCED_FACE('',(#191),#192,.T.);
#59=ADVANCED_FACE('',(#193),#194,.F.);
#60=ADVANCED_FACE('',(#195),#196,.T.);
#61=ADVANCED_FACE('',(#197),#198,.F.);
#62=ADVANCED_FACE('',(#199),#200,.F.);
#63=ADVANCED_FACE('',(#201),#202,.F.);
#64=ADVANCED_FACE('',(#203),#204,.F.);
#65=ADVANCED_FACE('',(#205),#206,.T.);
#66=ADVANCED_FACE('',(#207),#208,.F.);
#67=ADVANCED_FACE('',(#209,#210,#211),#212,.F.);
#68=ADVANCED_FACE('',(#213,#214),#215,.T.);
#69=ADVANCED_FACE('',(#216),#217,.F.);
#70=ADVANCED_FACE('',(#218),#219,.F.);
#71=ADVANCED_FACE('',(#220),#221,.T.);
#72=ADVANCED_FACE('',(#222),#223,.T.);
#73=ADVANCED_FACE('',(#224),#225,.F.);
#74=ADVANCED_FACE('',(#226,#227,#228),#229,.T.);
#75=ADVANCED_FACE('',(#230),#231,.T.);
#76=ADVANCED_FACE('',(#232),#233,.T.);
#77=ADVANCED_FACE('',(#234,#235,#236),#237,.T.);
#78=ADVANCED_FACE('',(#238,#239),#240,.T.);
#79=ADVANCED_FACE('',(#241),#242,.T.);
#80=ADVANCED_FACE('',(#243),#244,.F.);
#81=ADVANCED_FACE('',(#245),#246,.F.);
#82=ADVANCED_FACE('',(#247),#248,.F.);
#83=ADVANCED_FACE('',(#249),#250,.F.);
#84=ADVANCED_FACE('',(#251),#252,.T.);
#85=ADVANCED_FACE('',(#253),#254,.T.);
#86=ADVANCED_FACE('',(#255),#256,.T.);
#87=ADVANCED_FACE('',(#257),#258,.T.);
#88=ADVANCED_FACE('',(#259),#260,.T.);
#89=ADVANCED_FACE('',(#261),#262,.T.);
#90=ADVANCED_FACE('',(#263),#264,.F.);
#91=ADVANCED_FACE('',(#265),#266,.T.);
#92=ADVANCED_FACE('',(#267),#268,.T.);
#93=ADVANCED_FACE('',(#269),#270,.T.);
#94=ADVANCED_FACE('',(#271),#272,.F.);
#95=ADVANCED_FACE('',(#273),#274,.T.);
#96=ADVANCED_FACE('',(#275),#276,.T.);
#97=ADVANCED_FACE('',(#277),#278,.T.);
#98=ADVANCED_FACE('',(#279),#280,.F.);
#99=ADVANCED_FACE('',(#281),#282,.F.);
#100=ADVANCED_FACE('',(#283),#284,.F.);
#101=ADVANCED_FACE('',(#285),#286,.F.);
#102=ADVANCED_FACE('',(#287),#288,.T.);
#103=ADVANCED_FACE('',(#289),#290,.F.);
#104=ADVANCED_FACE('',(#291),#292,.F.);
#105=ADVANCED_FACE('',(#293),#294,.F.);
#106=ADVANCED_FACE('',(#295),#296,.F.);
#107=ADVANCED_FACE('',(#297),#298,.F.);
#108=ADVANCED_FACE('',(#299),#300,.F.);
#109=ADVANCED_FACE('',(#301),#302,.F.);
#110=ADVANCED_FACE('',(#303,#304),#305,.T.);
#111=ADVANCED_FACE('',(#306),#307,.F.);
#112=ADVANCED_FACE('',(#308),#309,.F.);
#113=ADVANCED_FACE('',(#310),#311,.F.);
#114=ADVANCED_FACE('',(#312),#313,.F.);
#115=ADVANCED_FACE('',(#314),#315,.T.);
#116=ADVANCED_FACE('',(#316),#317,.T.);
#117=ADVANCED_FACE('',(#318),#319,.T.);
#118=ADVANCED_FACE('',(#320),#321,.F.);
#119=ADVANCED_FACE('',(#322),#323,.T.);
#120=ADVANCED_FACE('',(#324),#325,.T.);
#121=ADVANCED_FACE('',(#326),#327,.T.);
#122=ADVANCED_FACE('',(#328),#329,.T.);
#123=ADVANCED_FACE('',(#330),#331,.F.);
#124=ADVANCED_FACE('',(#332),#333,.T.);
#125=ADVANCED_FACE('',(#334),#335,.T.);
#126=ADVANCED_FACE('',(#336),#337,.T.);
#127=ADVANCED_FACE('',(#338),#339,.T.);
#128=ADVANCED_FACE('',(#340),#341,.T.);
#129=ADVANCED_FACE('',(#342),#343,.F.);
#130=ADVANCED_FACE('',(#344),#345,.F.);
#131=ADVANCED_FACE('',(#346),#347,.F.);
#132=ADVANCED_FACE('',(#348),#349,.F.);
#133=ADVANCED_FACE('',(#350),#351,.T.);
#134=ADVANCED_FACE('',(#352),#353,.T.);
#135=ADVANCED_FACE('',(#354),#355,.F.);
#136=ADVANCED_FACE('',(#356),#357,.F.);
#137=ADVANCED_FACE('',(#358),#359,.F.);
#138=ADVANCED_FACE('',(#360),#361,.T.);
#139=ADVANCED_FACE('',(#362),#363,.F.);
#140=ADVANCED_FACE('',(#364),#365,.F.);
#141=ADVANCED_FACE('',(#366),#367,.F.);
#142=ADVANCED_FACE('',(#368),#369,.F.);
#143=ADVANCED_FACE('',(#370),#371,.F.);
#144=ADVANCED_FACE('',(#372),#373,.T.);
#145=ADVANCED_FACE('',(#374),#375,.F.);
#146=ADVANCED_FACE('',(#376),#377,.F.);
#147=ADVANCED_FACE('',(#378),#379,.F.);
#148=ADVANCED_FACE('',(#380),#381,.T.);
#149=ADVANCED_FACE('',(#382),#383,.F.);
#150=ADVANCED_FACE('',(#384),#385,.T.);
#151=ADVANCED_FACE('',(#386),#387,.F.);
#152=ADVANCED_FACE('',(#388),#389,.F.);
#153=ADVANCED_FACE('',(#390),#391,.F.);
#154=ADVANCED_FACE('',(#392),#393,.F.);
#155=ADVANCED_FACE('',(#394),#395,.F.);
#156=ADVANCED_FACE('',(#396),#397,.F.);
#157=ADVANCED_FACE('',(#398),#399,.T.);
#158=ADVANCED_FACE('',(#400),#401,.F.);
#159=ADVANCED_FACE('',(#402),#403,.F.);
#160=ADVANCED_FACE('',(#404),#405,.F.);
#161=ADVANCED_FACE('',(#406),#407,.F.);
#162=ADVANCED_FACE('',(#408),#409,.F.);
#163=ADVANCED_FACE('',(#410),#411,.T.);
#164=ADVANCED_FACE('',(#412),#413,.F.);
#165=ADVANCED_FACE('',(#414),#415,.T.);
#166=ADVANCED_FACE('',(#416),#417,.F.);
#167=ADVANCED_FACE('',(#418),#419,.F.);
#168=ADVANCED_FACE('',(#420),#421,.F.);
#169=ADVANCED_FACE('',(#422),#423,.T.);
#170=ADVANCED_FACE('',(#424),#425,.F.);
#171=ADVANCED_FACE('',(#426),#427,.F.);
#172=ADVANCED_FACE('',(#428),#429,.F.);
#173=ADVANCED_FACE('',(#430),#431,.F.);
#174=ADVANCED_FACE('',(#432),#433,.F.);
#176=SURFACE_STYLE_FILL_AREA(#434);
#177=FACE_OUTER_BOUND('',#435,.T.);
#178=CYLINDRICAL_SURFACE('',#436,1.52);
#179=FACE_OUTER_BOUND('',#437,.T.);
#180=CYLINDRICAL_SURFACE('',#438,0.64);
#181=FACE_OUTER_BOUND('',#439,.T.);
#182=CYLINDRICAL_SURFACE('',#440,1.26141965408795);
#183=FACE_OUTER_BOUND('',#441,.T.);
#184=CYLINDRICAL_SURFACE('',#442,0.88);
#185=FACE_OUTER_BOUND('',#443,.T.);
#186=CYLINDRICAL_SURFACE('',#444,0.88);
#187=FACE_OUTER_BOUND('',#445,.T.);
#188=CYLINDRICAL_SURFACE('',#446,0.640000000000009);
#189=FACE_OUTER_BOUND('',#447,.T.);
#190=CYLINDRICAL_SURFACE('',#448,0.639999999999999);
#191=FACE_OUTER_BOUND('',#449,.T.);
#192=CYLINDRICAL_SURFACE('',#450,1.52);
#193=FACE_OUTER_BOUND('',#451,.T.);
#194=PLANE('',#452);
#195=FACE_OUTER_BOUND('',#453,.T.);
#196=PLANE('',#454);
#197=FACE_OUTER_BOUND('',#455,.T.);
#198=PLANE('',#456);
#199=FACE_OUTER_BOUND('',#457,.T.);
#200=PLANE('',#458);
#201=FACE_OUTER_BOUND('',#459,.T.);
#202=PLANE('',#460);
#203=FACE_OUTER_BOUND('',#461,.T.);
#204=PLANE('',#462);
#205=FACE_OUTER_BOUND('',#463,.T.);
#206=PLANE('',#464);
#207=FACE_OUTER_BOUND('',#465,.T.);
#208=PLANE('',#466);
#209=FACE_BOUND('',#467,.T.);
#210=FACE_OUTER_BOUND('',#468,.T.);
#211=FACE_BOUND('',#469,.T.);
#212=PLANE('',#470);
#213=FACE_OUTER_BOUND('',#471,.T.);
#214=FACE_BOUND('',#472,.T.);
#215=PLANE('',#473);
#216=FACE_OUTER_BOUND('',#474,.T.);
#217=PLANE('',#475);
#218=FACE_OUTER_BOUND('',#476,.T.);
#219=PLANE('',#477);
#220=FACE_OUTER_BOUND('',#478,.T.);
#221=PLANE('',#479);
#222=FACE_OUTER_BOUND('',#480,.T.);
#223=PLANE('',#481);
#224=FACE_OUTER_BOUND('',#482,.T.);
#225=PLANE('',#483);
#226=FACE_BOUND('',#484,.T.);
#227=FACE_BOUND('',#485,.T.);
#228=FACE_OUTER_BOUND('',#486,.T.);
#229=PLANE('',#487);
#230=FACE_OUTER_BOUND('',#488,.T.);
#231=PLANE('',#489);
#232=FACE_OUTER_BOUND('',#490,.T.);
#233=PLANE('',#491);
#234=FACE_BOUND('',#492,.T.);
#235=FACE_BOUND('',#493,.T.);
#236=FACE_OUTER_BOUND('',#494,.T.);
#237=PLANE('',#495);
#238=FACE_OUTER_BOUND('',#496,.T.);
#239=FACE_BOUND('',#497,.T.);
#240=PLANE('',#498);
#241=FACE_OUTER_BOUND('',#499,.T.);
#242=PLANE('',#500);
#243=FACE_OUTER_BOUND('',#501,.T.);
#244=PLANE('',#502);
#245=FACE_OUTER_BOUND('',#503,.T.);
#246=PLANE('',#504);
#247=FACE_OUTER_BOUND('',#505,.T.);
#248=PLANE('',#506);
#249=FACE_OUTER_BOUND('',#507,.T.);
#250=PLANE('',#508);
#251=FACE_OUTER_BOUND('',#509,.T.);
#252=PLANE('',#510);
#253=FACE_OUTER_BOUND('',#511,.T.);
#254=PLANE('',#512);
#255=FACE_OUTER_BOUND('',#513,.T.);
#256=PLANE('',#514);
#257=FACE_OUTER_BOUND('',#515,.T.);
#258=PLANE('',#516);
#259=FACE_OUTER_BOUND('',#517,.T.);
#260=PLANE('',#518);
#261=FACE_OUTER_BOUND('',#519,.T.);
#262=PLANE('',#520);
#263=FACE_OUTER_BOUND('',#521,.T.);
#264=PLANE('',#522);
#265=FACE_OUTER_BOUND('',#523,.T.);
#266=PLANE('',#524);
#267=FACE_OUTER_BOUND('',#525,.T.);
#268=PLANE('',#526);
#269=FACE_OUTER_BOUND('',#527,.T.);
#270=PLANE('',#528);
#271=FACE_OUTER_BOUND('',#529,.T.);
#272=PLANE('',#530);
#273=FACE_OUTER_BOUND('',#531,.T.);
#274=PLANE('',#532);
#275=FACE_OUTER_BOUND('',#533,.T.);
#276=PLANE('',#534);
#277=FACE_OUTER_BOUND('',#535,.T.);
#278=PLANE('',#536);
#279=FACE_OUTER_BOUND('',#537,.T.);
#280=PLANE('',#538);
#281=FACE_OUTER_BOUND('',#539,.T.);
#282=PLANE('',#540);
#283=FACE_OUTER_BOUND('',#541,.T.);
#284=PLANE('',#542);
#285=FACE_OUTER_BOUND('',#543,.T.);
#286=PLANE('',#544);
#287=FACE_OUTER_BOUND('',#545,.T.);
#288=PLANE('',#546);
#289=FACE_OUTER_BOUND('',#547,.T.);
#290=PLANE('',#548);
#291=FACE_OUTER_BOUND('',#549,.T.);
#292=PLANE('',#550);
#293=FACE_OUTER_BOUND('',#551,.T.);
#294=PLANE('',#552);
#295=FACE_OUTER_BOUND('',#553,.T.);
#296=PLANE('',#554);
#297=FACE_OUTER_BOUND('',#555,.T.);
#298=PLANE('',#556);
#299=FACE_OUTER_BOUND('',#557,.T.);
#300=PLANE('',#558);
#301=FACE_OUTER_BOUND('',#559,.T.);
#302=PLANE('',#560);
#303=FACE_BOUND('',#561,.T.);
#304=FACE_OUTER_BOUND('',#562,.T.);
#305=PLANE('',#563);
#306=FACE_OUTER_BOUND('',#564,.T.);
#307=PLANE('',#565);
#308=FACE_OUTER_BOUND('',#566,.T.);
#309=PLANE('',#567);
#310=FACE_OUTER_BOUND('',#568,.T.);
#311=PLANE('',#569);
#312=FACE_OUTER_BOUND('',#570,.T.);
#313=PLANE('',#571);
#314=FACE_OUTER_BOUND('',#572,.T.);
#315=PLANE('',#573);
#316=FACE_OUTER_BOUND('',#574,.T.);
#317=PLANE('',#575);
#318=FACE_OUTER_BOUND('',#576,.T.);
#319=PLANE('',#577);
#320=FACE_OUTER_BOUND('',#578,.T.);
#321=PLANE('',#579);
#322=FACE_OUTER_BOUND('',#580,.T.);
#323=PLANE('',#581);
#324=FACE_OUTER_BOUND('',#582,.T.);
#325=PLANE('',#583);
#326=FACE_OUTER_BOUND('',#584,.T.);
#327=PLANE('',#585);
#328=FACE_OUTER_BOUND('',#586,.T.);
#329=PLANE('',#587);
#330=FACE_OUTER_BOUND('',#588,.T.);
#331=PLANE('',#589);
#332=FACE_OUTER_BOUND('',#590,.T.);
#333=PLANE('',#591);
#334=FACE_OUTER_BOUND('',#592,.T.);
#335=PLANE('',#593);
#336=FACE_OUTER_BOUND('',#594,.T.);
#337=PLANE('',#595);
#338=FACE_OUTER_BOUND('',#596,.T.);
#339=PLANE('',#597);
#340=FACE_OUTER_BOUND('',#598,.T.);
#341=PLANE('',#599);
#342=FACE_OUTER_BOUND('',#600,.T.);
#343=PLANE('',#601);
#344=FACE_OUTER_BOUND('',#602,.T.);
#345=PLANE('',#603);
#346=FACE_OUTER_BOUND('',#604,.T.);
#347=PLANE('',#605);
#348=FACE_OUTER_BOUND('',#606,.T.);
#349=PLANE('',#607);
#350=FACE_OUTER_BOUND('',#608,.T.);
#351=PLANE('',#609);
#352=FACE_OUTER_BOUND('',#610,.T.);
#353=PLANE('',#611);
#354=FACE_OUTER_BOUND('',#612,.T.);
#355=PLANE('',#613);
#356=FACE_OUTER_BOUND('',#614,.T.);
#357=PLANE('',#615);
#358=FACE_OUTER_BOUND('',#616,.T.);
#359=PLANE('',#617);
#360=FACE_OUTER_BOUND('',#618,.T.);
#361=PLANE('',#619);
#362=FACE_OUTER_BOUND('',#620,.T.);
#363=PLANE('',#621);
#364=FACE_OUTER_BOUND('',#622,.T.);
#365=PLANE('',#623);
#366=FACE_OUTER_BOUND('',#624,.T.);
#367=PLANE('',#625);
#368=FACE_OUTER_BOUND('',#626,.T.);
#369=PLANE('',#627);
#370=FACE_OUTER_BOUND('',#628,.T.);
#371=CYLINDRICAL_SURFACE('',#629,0.64);
#372=FACE_OUTER_BOUND('',#630,.T.);
#373=CYLINDRICAL_SURFACE('',#631,1.52);
#374=FACE_OUTER_BOUND('',#632,.T.);
#375=CYLINDRICAL_SURFACE('',#633,0.639999999999999);
#376=FACE_OUTER_BOUND('',#634,.T.);
#377=PLANE('',#635);
#378=FACE_OUTER_BOUND('',#636,.T.);
#379=PLANE('',#637);
#380=FACE_OUTER_BOUND('',#638,.T.);
#381=CYLINDRICAL_SURFACE('',#639,0.640000000000009);
#382=FACE_OUTER_BOUND('',#640,.T.);
#383=CYLINDRICAL_SURFACE('',#641,0.88);
#384=FACE_OUTER_BOUND('',#642,.T.);
#385=CYLINDRICAL_SURFACE('',#643,1.28);
#386=FACE_OUTER_BOUND('',#644,.T.);
#387=PLANE('',#645);
#388=FACE_OUTER_BOUND('',#646,.T.);
#389=PLANE('',#647);
#390=FACE_OUTER_BOUND('',#648,.T.);
#391=PLANE('',#649);
#392=FACE_OUTER_BOUND('',#650,.T.);
#393=PLANE('',#651);
#394=FACE_OUTER_BOUND('',#652,.T.);
#395=PLANE('',#653);
#396=FACE_OUTER_BOUND('',#654,.T.);
#397=PLANE('',#655);
#398=FACE_OUTER_BOUND('',#656,.T.);
#399=PLANE('',#657);
#400=FACE_OUTER_BOUND('',#658,.T.);
#401=PLANE('',#659);
#402=FACE_OUTER_BOUND('',#660,.T.);
#403=PLANE('',#661);
#404=FACE_OUTER_BOUND('',#662,.T.);
#405=PLANE('',#663);
#406=FACE_OUTER_BOUND('',#664,.T.);
#407=PLANE('',#665);
#408=FACE_OUTER_BOUND('',#666,.T.);
#409=PLANE('',#667);
#410=FACE_OUTER_BOUND('',#668,.T.);
#411=CYLINDRICAL_SURFACE('',#669,1.28);
#412=FACE_OUTER_BOUND('',#670,.T.);
#413=CYLINDRICAL_SURFACE('',#671,0.88);
#414=FACE_OUTER_BOUND('',#672,.T.);
#415=CYLINDRICAL_SURFACE('',#673,1.26141965408795);
#416=FACE_OUTER_BOUND('',#674,.T.);
#417=PLANE('',#675);
#418=FACE_OUTER_BOUND('',#676,.T.);
#419=PLANE('',#677);
#420=FACE_OUTER_BOUND('',#678,.T.);
#421=CYLINDRICAL_SURFACE('',#679,0.64);
#422=FACE_OUTER_BOUND('',#680,.T.);
#423=CYLINDRICAL_SURFACE('',#681,1.52);
#424=FACE_OUTER_BOUND('',#682,.T.);
#425=CYLINDRICAL_SURFACE('',#683,0.64);
#426=FACE_OUTER_BOUND('',#684,.T.);
#427=PLANE('',#685);
#428=FACE_OUTER_BOUND('',#686,.T.);
#429=PLANE('',#687);
#430=FACE_OUTER_BOUND('',#688,.T.);
#431=PLANE('',#689);
#432=FACE_OUTER_BOUND('',#690,.T.);
#433=PLANE('',#691);
#434=FILL_AREA_STYLE('',(#692));
#435=EDGE_LOOP('',(#693,#694,#695,#696));
#436=AXIS2_PLACEMENT_3D('',#697,#698,#699);
#437=EDGE_LOOP('',(#700,#701,#702,#703));
#438=AXIS2_PLACEMENT_3D('',#704,#705,#706);
#439=EDGE_LOOP('',(#707,#708,#709,#710));
#440=AXIS2_PLACEMENT_3D('',#711,#712,#713);
#441=EDGE_LOOP('',(#714,#715,#716,#717));
#442=AXIS2_PLACEMENT_3D('',#718,#719,#720);
#443=EDGE_LOOP('',(#721,#722,#723,#724));
#444=AXIS2_PLACEMENT_3D('',#725,#726,#727);
#445=EDGE_LOOP('',(#728,#729,#730,#731));
#446=AXIS2_PLACEMENT_3D('',#732,#733,#734);
#447=EDGE_LOOP('',(#735,#736,#737,#738));
#448=AXIS2_PLACEMENT_3D('',#739,#740,#741);
#449=EDGE_LOOP('',(#742,#743,#744,#745));
#450=AXIS2_PLACEMENT_3D('',#746,#747,#748);
#451=EDGE_LOOP('',(#749,#750,#751,#752));
#452=AXIS2_PLACEMENT_3D('',#753,#754,#755);
#453=EDGE_LOOP('',(#756,#757,#758,#759,#760,#761,#762,#763,#764,#765,#766,#767,#768,#769));
#454=AXIS2_PLACEMENT_3D('',#770,#771,#772);
#455=EDGE_LOOP('',(#773,#774,#775,#776,#777,#778,#779,#780,#781,#782,#783,#784,#785,#786));
#456=AXIS2_PLACEMENT_3D('',#787,#788,#789);
#457=EDGE_LOOP('',(#790,#791,#792,#793));
#458=AXIS2_PLACEMENT_3D('',#794,#795,#796);
#459=EDGE_LOOP('',(#797,#798,#799,#800));
#460=AXIS2_PLACEMENT_3D('',#801,#802,#803);
#461=EDGE_LOOP('',(#804,#805,#806,#807,#808,#809,#810,#811,#812,#813,#814,#815,#816,#817));
#462=AXIS2_PLACEMENT_3D('',#818,#819,#820);
#463=EDGE_LOOP('',(#821,#822,#823,#824,#825,#826,#827,#828,#829,#830,#831,#832,#833,#834));
#464=AXIS2_PLACEMENT_3D('',#835,#836,#837);
#465=EDGE_LOOP('',(#838,#839,#840,#841));
#466=AXIS2_PLACEMENT_3D('',#842,#843,#844);
#467=EDGE_LOOP('',(#845,#846,#847,#848));
#468=EDGE_LOOP('',(#849,#850,#851,#852,#853,#854,#855,#856));
#469=EDGE_LOOP('',(#857,#858,#859,#860));
#470=AXIS2_PLACEMENT_3D('',#861,#862,#863);
#471=EDGE_LOOP('',(#864,#865,#866,#867));
#472=EDGE_LOOP('',(#868,#869,#870,#871));
#473=AXIS2_PLACEMENT_3D('',#872,#873,#874);
#474=EDGE_LOOP('',(#875,#876,#877));
#475=AXIS2_PLACEMENT_3D('',#878,#879,#880);
#476=EDGE_LOOP('',(#881,#882,#883));
#477=AXIS2_PLACEMENT_3D('',#884,#885,#886);
#478=EDGE_LOOP('',(#887,#888,#889,#890,#891));
#479=AXIS2_PLACEMENT_3D('',#892,#893,#894);
#480=EDGE_LOOP('',(#895,#896,#897,#898,#899,#900,#901,#902,#903,#904));
#481=AXIS2_PLACEMENT_3D('',#905,#906,#907);
#482=EDGE_LOOP('',(#908,#909,#910,#911,#912));
#483=AXIS2_PLACEMENT_3D('',#913,#914,#915);
#484=EDGE_LOOP('',(#916,#917,#918,#919));
#485=EDGE_LOOP('',(#920,#921,#922,#923));
#486=EDGE_LOOP('',(#924,#925,#926,#927,#928,#929,#930,#931,#932,#933,#934,#935));
#487=AXIS2_PLACEMENT_3D('',#936,#937,#938);
#488=EDGE_LOOP('',(#939,#940,#941,#942));
#489=AXIS2_PLACEMENT_3D('',#943,#944,#945);
#490=EDGE_LOOP('',(#946,#947,#948,#949));
#491=AXIS2_PLACEMENT_3D('',#950,#951,#952);
#492=EDGE_LOOP('',(#953,#954,#955,#956));
#493=EDGE_LOOP('',(#957,#958,#959,#960,#961));
#494=EDGE_LOOP('',(#962,#963,#964,#965,#966,#967,#968,#969));
#495=AXIS2_PLACEMENT_3D('',#970,#971,#972);
#496=EDGE_LOOP('',(#973,#974,#975,#976,#977,#978));
#497=EDGE_LOOP('',(#979,#980,#981,#982));
#498=AXIS2_PLACEMENT_3D('',#983,#984,#985);
#499=EDGE_LOOP('',(#986,#987,#988,#989,#990,#991,#992,#993,#994,#995));
#500=AXIS2_PLACEMENT_3D('',#996,#997,#998);
#501=EDGE_LOOP('',(#999,#1000,#1001,#1002));
#502=AXIS2_PLACEMENT_3D('',#1003,#1004,#1005);
#503=EDGE_LOOP('',(#1006,#1007,#1008,#1009));
#504=AXIS2_PLACEMENT_3D('',#1010,#1011,#1012);
#505=EDGE_LOOP('',(#1013,#1014,#1015,#1016));
#506=AXIS2_PLACEMENT_3D('',#1017,#1018,#1019);
#507=EDGE_LOOP('',(#1020,#1021,#1022,#1023));
#508=AXIS2_PLACEMENT_3D('',#1024,#1025,#1026);
#509=EDGE_LOOP('',(#1027,#1028,#1029,#1030));
#510=AXIS2_PLACEMENT_3D('',#1031,#1032,#1033);
#511=EDGE_LOOP('',(#1034,#1035,#1036,#1037,#1038));
#512=AXIS2_PLACEMENT_3D('',#1039,#1040,#1041);
#513=EDGE_LOOP('',(#1042,#1043,#1044,#1045,#1046));
#514=AXIS2_PLACEMENT_3D('',#1047,#1048,#1049);
#515=EDGE_LOOP('',(#1050,#1051,#1052,#1053));
#516=AXIS2_PLACEMENT_3D('',#1054,#1055,#1056);
#517=EDGE_LOOP('',(#1057,#1058,#1059,#1060));
#518=AXIS2_PLACEMENT_3D('',#1061,#1062,#1063);
#519=EDGE_LOOP('',(#1064,#1065,#1066));
#520=AXIS2_PLACEMENT_3D('',#1067,#1068,#1069);
#521=EDGE_LOOP('',(#1070,#1071,#1072));
#522=AXIS2_PLACEMENT_3D('',#1073,#1074,#1075);
#523=EDGE_LOOP('',(#1076,#1077,#1078,#1079));
#524=AXIS2_PLACEMENT_3D('',#1080,#1081,#1082);
#525=EDGE_LOOP('',(#1083,#1084,#1085,#1086));
#526=AXIS2_PLACEMENT_3D('',#1087,#1088,#1089);
#527=EDGE_LOOP('',(#1090,#1091,#1092));
#528=AXIS2_PLACEMENT_3D('',#1093,#1094,#1095);
#529=EDGE_LOOP('',(#1096,#1097,#1098));
#530=AXIS2_PLACEMENT_3D('',#1099,#1100,#1101);
#531=EDGE_LOOP('',(#1102,#1103,#1104,#1105));
#532=AXIS2_PLACEMENT_3D('',#1106,#1107,#1108);
#533=EDGE_LOOP('',(#1109,#1110,#1111,#1112));
#534=AXIS2_PLACEMENT_3D('',#1113,#1114,#1115);
#535=EDGE_LOOP('',(#1116,#1117,#1118,#1119));
#536=AXIS2_PLACEMENT_3D('',#1120,#1121,#1122);
#537=EDGE_LOOP('',(#1123,#1124,#1125,#1126,#1127,#1128,#1129));
#538=AXIS2_PLACEMENT_3D('',#1130,#1131,#1132);
#539=EDGE_LOOP('',(#1133,#1134,#1135,#1136));
#540=AXIS2_PLACEMENT_3D('',#1137,#1138,#1139);
#541=EDGE_LOOP('',(#1140,#1141,#1142,#1143));
#542=AXIS2_PLACEMENT_3D('',#1144,#1145,#1146);
#543=EDGE_LOOP('',(#1147,#1148,#1149,#1150));
#544=AXIS2_PLACEMENT_3D('',#1151,#1152,#1153);
#545=EDGE_LOOP('',(#1154,#1155,#1156,#1157,#1158,#1159,#1160));
#546=AXIS2_PLACEMENT_3D('',#1161,#1162,#1163);
#547=EDGE_LOOP('',(#1164,#1165,#1166,#1167));
#548=AXIS2_PLACEMENT_3D('',#1168,#1169,#1170);
#549=EDGE_LOOP('',(#1171,#1172,#1173,#1174));
#550=AXIS2_PLACEMENT_3D('',#1175,#1176,#1177);
#551=EDGE_LOOP('',(#1178,#1179,#1180,#1181));
#552=AXIS2_PLACEMENT_3D('',#1182,#1183,#1184);
#553=EDGE_LOOP('',(#1185,#1186,#1187,#1188));
#554=AXIS2_PLACEMENT_3D('',#1189,#1190,#1191);
#555=EDGE_LOOP('',(#1192,#1193,#1194,#1195));
#556=AXIS2_PLACEMENT_3D('',#1196,#1197,#1198);
#557=EDGE_LOOP('',(#1199,#1200,#1201,#1202));
#558=AXIS2_PLACEMENT_3D('',#1203,#1204,#1205);
#559=EDGE_LOOP('',(#1206,#1207,#1208,#1209));
#560=AXIS2_PLACEMENT_3D('',#1210,#1211,#1212);
#561=EDGE_LOOP('',(#1213,#1214,#1215,#1216));
#562=EDGE_LOOP('',(#1217,#1218,#1219,#1220,#1221));
#563=AXIS2_PLACEMENT_3D('',#1222,#1223,#1224);
#564=EDGE_LOOP('',(#1225,#1226,#1227,#1228));
#565=AXIS2_PLACEMENT_3D('',#1229,#1230,#1231);
#566=EDGE_LOOP('',(#1232,#1233,#1234,#1235));
#567=AXIS2_PLACEMENT_3D('',#1236,#1237,#1238);
#568=EDGE_LOOP('',(#1239,#1240,#1241,#1242));
#569=AXIS2_PLACEMENT_3D('',#1243,#1244,#1245);
#570=EDGE_LOOP('',(#1246,#1247,#1248,#1249));
#571=AXIS2_PLACEMENT_3D('',#1250,#1251,#1252);
#572=EDGE_LOOP('',(#1253,#1254,#1255,#1256));
#573=AXIS2_PLACEMENT_3D('',#1257,#1258,#1259);
#574=EDGE_LOOP('',(#1260,#1261,#1262,#1263));
#575=AXIS2_PLACEMENT_3D('',#1264,#1265,#1266);
#576=EDGE_LOOP('',(#1267,#1268,#1269,#1270));
#577=AXIS2_PLACEMENT_3D('',#1271,#1272,#1273);
#578=EDGE_LOOP('',(#1274,#1275,#1276,#1277));
#579=AXIS2_PLACEMENT_3D('',#1278,#1279,#1280);
#580=EDGE_LOOP('',(#1281,#1282,#1283,#1284));
#581=AXIS2_PLACEMENT_3D('',#1285,#1286,#1287);
#582=EDGE_LOOP('',(#1288,#1289,#1290,#1291));
#583=AXIS2_PLACEMENT_3D('',#1292,#1293,#1294);
#584=EDGE_LOOP('',(#1295,#1296,#1297,#1298));
#585=AXIS2_PLACEMENT_3D('',#1299,#1300,#1301);
#586=EDGE_LOOP('',(#1302,#1303,#1304,#1305));
#587=AXIS2_PLACEMENT_3D('',#1306,#1307,#1308);
#588=EDGE_LOOP('',(#1309,#1310,#1311,#1312));
#589=AXIS2_PLACEMENT_3D('',#1313,#1314,#1315);
#590=EDGE_LOOP('',(#1316,#1317,#1318,#1319));
#591=AXIS2_PLACEMENT_3D('',#1320,#1321,#1322);
#592=EDGE_LOOP('',(#1323,#1324,#1325,#1326));
#593=AXIS2_PLACEMENT_3D('',#1327,#1328,#1329);
#594=EDGE_LOOP('',(#1330,#1331,#1332));
#595=AXIS2_PLACEMENT_3D('',#1333,#1334,#1335);
#596=EDGE_LOOP('',(#1336,#1337,#1338));
#597=AXIS2_PLACEMENT_3D('',#1339,#1340,#1341);
#598=EDGE_LOOP('',(#1342,#1343,#1344,#1345));
#599=AXIS2_PLACEMENT_3D('',#1346,#1347,#1348);
#600=EDGE_LOOP('',(#1349,#1350,#1351));
#601=AXIS2_PLACEMENT_3D('',#1352,#1353,#1354);
#602=EDGE_LOOP('',(#1355,#1356,#1357));
#603=AXIS2_PLACEMENT_3D('',#1358,#1359,#1360);
#604=EDGE_LOOP('',(#1361,#1362,#1363,#1364));
#605=AXIS2_PLACEMENT_3D('',#1365,#1366,#1367);
#606=EDGE_LOOP('',(#1368,#1369,#1370,#1371));
#607=AXIS2_PLACEMENT_3D('',#1372,#1373,#1374);
#608=EDGE_LOOP('',(#1375,#1376,#1377));
#609=AXIS2_PLACEMENT_3D('',#1378,#1379,#1380);
#610=EDGE_LOOP('',(#1381,#1382,#1383));
#611=AXIS2_PLACEMENT_3D('',#1384,#1385,#1386);
#612=EDGE_LOOP('',(#1387,#1388,#1389,#1390));
#613=AXIS2_PLACEMENT_3D('',#1391,#1392,#1393);
#614=EDGE_LOOP('',(#1394,#1395,#1396,#1397));
#615=AXIS2_PLACEMENT_3D('',#1398,#1399,#1400);
#616=EDGE_LOOP('',(#1401,#1402,#1403,#1404));
#617=AXIS2_PLACEMENT_3D('',#1405,#1406,#1407);
#618=EDGE_LOOP('',(#1408,#1409,#1410,#1411));
#619=AXIS2_PLACEMENT_3D('',#1412,#1413,#1414);
#620=EDGE_LOOP('',(#1415,#1416,#1417,#1418));
#621=AXIS2_PLACEMENT_3D('',#1419,#1420,#1421);
#622=EDGE_LOOP('',(#1422,#1423,#1424,#1425));
#623=AXIS2_PLACEMENT_3D('',#1426,#1427,#1428);
#624=EDGE_LOOP('',(#1429,#1430,#1431,#1432));
#625=AXIS2_PLACEMENT_3D('',#1433,#1434,#1435);
#626=EDGE_LOOP('',(#1436,#1437,#1438,#1439));
#627=AXIS2_PLACEMENT_3D('',#1440,#1441,#1442);
#628=EDGE_LOOP('',(#1443,#1444,#1445,#1446));
#629=AXIS2_PLACEMENT_3D('',#1447,#1448,#1449);
#630=EDGE_LOOP('',(#1450,#1451,#1452,#1453));
#631=AXIS2_PLACEMENT_3D('',#1454,#1455,#1456);
#632=EDGE_LOOP('',(#1457,#1458,#1459,#1460));
#633=AXIS2_PLACEMENT_3D('',#1461,#1462,#1463);
#634=EDGE_LOOP('',(#1464,#1465,#1466,#1467));
#635=AXIS2_PLACEMENT_3D('',#1468,#1469,#1470);
#636=EDGE_LOOP('',(#1471,#1472,#1473,#1474));
#637=AXIS2_PLACEMENT_3D('',#1475,#1476,#1477);
#638=EDGE_LOOP('',(#1478,#1479,#1480,#1481));
#639=AXIS2_PLACEMENT_3D('',#1482,#1483,#1484);
#640=EDGE_LOOP('',(#1485,#1486,#1487,#1488));
#641=AXIS2_PLACEMENT_3D('',#1489,#1490,#1491);
#642=EDGE_LOOP('',(#1492,#1493,#1494,#1495));
#643=AXIS2_PLACEMENT_3D('',#1496,#1497,#1498);
#644=EDGE_LOOP('',(#1499,#1500,#1501,#1502));
#645=AXIS2_PLACEMENT_3D('',#1503,#1504,#1505);
#646=EDGE_LOOP('',(#1506,#1507,#1508,#1509));
#647=AXIS2_PLACEMENT_3D('',#1510,#1511,#1512);
#648=EDGE_LOOP('',(#1513,#1514,#1515,#1516));
#649=AXIS2_PLACEMENT_3D('',#1517,#1518,#1519);
#650=EDGE_LOOP('',(#1520,#1521,#1522,#1523));
#651=AXIS2_PLACEMENT_3D('',#1524,#1525,#1526);
#652=EDGE_LOOP('',(#1527,#1528,#1529,#1530));
#653=AXIS2_PLACEMENT_3D('',#1531,#1532,#1533);
#654=EDGE_LOOP('',(#1534,#1535,#1536,#1537));
#655=AXIS2_PLACEMENT_3D('',#1538,#1539,#1540);
#656=EDGE_LOOP('',(#1541,#1542,#1543,#1544));
#657=AXIS2_PLACEMENT_3D('',#1545,#1546,#1547);
#658=EDGE_LOOP('',(#1548,#1549,#1550,#1551));
#659=AXIS2_PLACEMENT_3D('',#1552,#1553,#1554);
#660=EDGE_LOOP('',(#1555,#1556,#1557,#1558));
#661=AXIS2_PLACEMENT_3D('',#1559,#1560,#1561);
#662=EDGE_LOOP('',(#1562,#1563,#1564,#1565));
#663=AXIS2_PLACEMENT_3D('',#1566,#1567,#1568);
#664=EDGE_LOOP('',(#1569,#1570,#1571,#1572));
#665=AXIS2_PLACEMENT_3D('',#1573,#1574,#1575);
#666=EDGE_LOOP('',(#1576,#1577,#1578,#1579));
#667=AXIS2_PLACEMENT_3D('',#1580,#1581,#1582);
#668=EDGE_LOOP('',(#1583,#1584,#1585,#1586));
#669=AXIS2_PLACEMENT_3D('',#1587,#1588,#1589);
#670=EDGE_LOOP('',(#1590,#1591,#1592,#1593));
#671=AXIS2_PLACEMENT_3D('',#1594,#1595,#1596);
#672=EDGE_LOOP('',(#1597,#1598,#1599,#1600));
#673=AXIS2_PLACEMENT_3D('',#1601,#1602,#1603);
#674=EDGE_LOOP('',(#1604,#1605,#1606,#1607));
#675=AXIS2_PLACEMENT_3D('',#1608,#1609,#1610);
#676=EDGE_LOOP('',(#1611,#1612,#1613,#1614));
#677=AXIS2_PLACEMENT_3D('',#1615,#1616,#1617);
#678=EDGE_LOOP('',(#1618,#1619,#1620,#1621));
#679=AXIS2_PLACEMENT_3D('',#1622,#1623,#1624);
#680=EDGE_LOOP('',(#1625,#1626,#1627,#1628));
#681=AXIS2_PLACEMENT_3D('',#1629,#1630,#1631);
#682=EDGE_LOOP('',(#1632,#1633,#1634,#1635));
#683=AXIS2_PLACEMENT_3D('',#1636,#1637,#1638);
#684=EDGE_LOOP('',(#1639,#1640,#1641,#1642));
#685=AXIS2_PLACEMENT_3D('',#1643,#1644,#1645);
#686=EDGE_LOOP('',(#1646,#1647,#1648,#1649));
#687=AXIS2_PLACEMENT_3D('',#1650,#1651,#1652);
#688=EDGE_LOOP('',(#1653,#1654,#1655,#1656));
#689=AXIS2_PLACEMENT_3D('',#1657,#1658,#1659);
#690=EDGE_LOOP('',(#1660,#1661,#1662,#1663));
#691=AXIS2_PLACEMENT_3D('',#1664,#1665,#1666);
#692=FILL_AREA_STYLE_COLOUR('',#1667);
#693=ORIENTED_EDGE('',*,*,#1668,.F.);
#694=ORIENTED_EDGE('',*,*,#1669,.F.);
#695=ORIENTED_EDGE('',*,*,#1670,.T.);
#696=ORIENTED_EDGE('',*,*,#1671,.T.);
#697=CARTESIAN_POINT('',(1.82,11.27,0.95));
#698=DIRECTION('',(1.0,-0.0,0.0));
#699=DIRECTION('',(0.0,0.0,1.0));
#700=ORIENTED_EDGE('',*,*,#1672,.F.);
#701=ORIENTED_EDGE('',*,*,#1673,.F.);
#702=ORIENTED_EDGE('',*,*,#1674,.T.);
#703=ORIENTED_EDGE('',*,*,#1675,.T.);
#704=CARTESIAN_POINT('',(1.82,12.1654571256173,2.91564405124153));
#705=DIRECTION('',(1.0,-0.0,0.0));
#706=DIRECTION('',(0.0,0.0,1.0));
#707=ORIENTED_EDGE('',*,*,#1676,.F.);
#708=ORIENTED_EDGE('',*,*,#1677,.T.);
#709=ORIENTED_EDGE('',*,*,#1678,.F.);
#710=ORIENTED_EDGE('',*,*,#1679,.F.);
#711=CARTESIAN_POINT('',(1.82,12.1577543926805,2.89873555753226));
#712=DIRECTION('',(1.0,-0.0,0.0));
#713=DIRECTION('',(0.0,0.0,1.0));
#714=ORIENTED_EDGE('',*,*,#1680,.F.);
#715=ORIENTED_EDGE('',*,*,#1681,.T.);
#716=ORIENTED_EDGE('',*,*,#1682,.F.);
#717=ORIENTED_EDGE('',*,*,#1683,.F.);
#718=CARTESIAN_POINT('',(1.82,11.27,0.95));
#719=DIRECTION('',(1.0,-0.0,0.0));
#720=DIRECTION('',(0.0,0.0,1.0));
#721=ORIENTED_EDGE('',*,*,#1684,.F.);
#722=ORIENTED_EDGE('',*,*,#1685,.F.);
#723=ORIENTED_EDGE('',*,*,#1686,.T.);
#724=ORIENTED_EDGE('',*,*,#1687,.T.);
#725=CARTESIAN_POINT('',(-1.18,11.3354208439821,2.97));
#726=DIRECTION('',(1.0,-0.0,0.0));
#727=DIRECTION('',(0.0,0.0,1.0));
#728=ORIENTED_EDGE('',*,*,#1688,.F.);
#729=ORIENTED_EDGE('',*,*,#1689,.F.);
#730=ORIENTED_EDGE('',*,*,#1690,.T.);
#731=ORIENTED_EDGE('',*,*,#1691,.T.);
#732=CARTESIAN_POINT('',(-1.18,12.0851699868162,1.65901073518335));
#733=DIRECTION('',(1.0,-0.0,0.0));
#734=DIRECTION('',(0.0,0.0,1.0));
#735=ORIENTED_EDGE('',*,*,#1692,.F.);
#736=ORIENTED_EDGE('',*,*,#1693,.T.);
#737=ORIENTED_EDGE('',*,*,#1694,.F.);
#738=ORIENTED_EDGE('',*,*,#1695,.F.);
#739=CARTESIAN_POINT('',(-1.18,12.2218274457748,1.00025805337392));
#740=DIRECTION('',(1.0,-0.0,0.0));
#741=DIRECTION('',(0.0,0.0,1.0));
#742=ORIENTED_EDGE('',*,*,#1696,.F.);
#743=ORIENTED_EDGE('',*,*,#1697,.T.);
#744=ORIENTED_EDGE('',*,*,#1698,.F.);
#745=ORIENTED_EDGE('',*,*,#1699,.F.);
#746=CARTESIAN_POINT('',(-1.18,11.3354208439821,2.97));
#747=DIRECTION('',(1.0,-0.0,0.0));
#748=DIRECTION('',(0.0,0.0,1.0));
#749=ORIENTED_EDGE('',*,*,#1700,.F.);
#750=ORIENTED_EDGE('',*,*,#1701,.T.);
#751=ORIENTED_EDGE('',*,*,#1702,.T.);
#752=ORIENTED_EDGE('',*,*,#1703,.F.);
#753=CARTESIAN_POINT('',(1.82,2.44,2.07056447761173));
#754=DIRECTION('',(-0.0,1.0,0.0));
#755=DIRECTION('',(1.0,0.0,0.0));
#756=ORIENTED_EDGE('',*,*,#1704,.T.);
#757=ORIENTED_EDGE('',*,*,#1679,.T.);
#758=ORIENTED_EDGE('',*,*,#1705,.T.);
#759=ORIENTED_EDGE('',*,*,#1673,.T.);
#760=ORIENTED_EDGE('',*,*,#1706,.T.);
#761=ORIENTED_EDGE('',*,*,#1669,.T.);
#762=ORIENTED_EDGE('',*,*,#1707,.T.);
#763=ORIENTED_EDGE('',*,*,#1708,.T.);
#764=ORIENTED_EDGE('',*,*,#1709,.T.);
#765=ORIENTED_EDGE('',*,*,#1710,.F.);
#766=ORIENTED_EDGE('',*,*,#1711,.T.);
#767=ORIENTED_EDGE('',*,*,#1712,.T.);
#768=ORIENTED_EDGE('',*,*,#1713,.T.);
#769=ORIENTED_EDGE('',*,*,#1683,.T.);
#770=CARTESIAN_POINT('',(1.82,10.3841670586392,2.92));
#771=DIRECTION('',(1.0,0.0,0.0));
#772=DIRECTION('',(0.0,1.0,0.0));
#773=ORIENTED_EDGE('',*,*,#1714,.F.);
#774=ORIENTED_EDGE('',*,*,#1677,.F.);
#775=ORIENTED_EDGE('',*,*,#1715,.F.);
#776=ORIENTED_EDGE('',*,*,#1681,.F.);
#777=ORIENTED_EDGE('',*,*,#1716,.F.);
#778=ORIENTED_EDGE('',*,*,#1717,.F.);
#779=ORIENTED_EDGE('',*,*,#1718,.F.);
#780=ORIENTED_EDGE('',*,*,#1719,.T.);
#781=ORIENTED_EDGE('',*,*,#1720,.F.);
#782=ORIENTED_EDGE('',*,*,#1721,.F.);
#783=ORIENTED_EDGE('',*,*,#1722,.F.);
#784=ORIENTED_EDGE('',*,*,#1671,.F.);
#785=ORIENTED_EDGE('',*,*,#1723,.F.);
#786=ORIENTED_EDGE('',*,*,#1675,.F.);
#787=CARTESIAN_POINT('',(1.18,10.3841670586392,2.92));
#788=DIRECTION('',(1.0,0.0,0.0));
#789=DIRECTION('',(0.0,1.0,0.0));
#790=ORIENTED_EDGE('',*,*,#1724,.T.);
#791=ORIENTED_EDGE('',*,*,#1725,.T.);
#792=ORIENTED_EDGE('',*,*,#1726,.F.);
#793=ORIENTED_EDGE('',*,*,#1727,.F.);
#794=CARTESIAN_POINT('',(1.82,13.08,1.84943552238827));
#795=DIRECTION('',(0.0,-1.0,-7.84484996197723E-15));
#796=DIRECTION('',(0.0,7.84484996197723E-15,-1.0));
#797=ORIENTED_EDGE('',*,*,#1728,.T.);
#798=ORIENTED_EDGE('',*,*,#1729,.T.);
#799=ORIENTED_EDGE('',*,*,#1730,.F.);
#800=ORIENTED_EDGE('',*,*,#1731,.F.);
#801=CARTESIAN_POINT('',(-1.18,2.44,2.07056447761173));
#802=DIRECTION('',(-0.0,1.0,0.0));
#803=DIRECTION('',(1.0,0.0,0.0));
#804=ORIENTED_EDGE('',*,*,#1732,.F.);
#805=ORIENTED_EDGE('',*,*,#1689,.T.);
#806=ORIENTED_EDGE('',*,*,#1733,.T.);
#807=ORIENTED_EDGE('',*,*,#1685,.T.);
#808=ORIENTED_EDGE('',*,*,#1734,.T.);
#809=ORIENTED_EDGE('',*,*,#1735,.T.);
#810=ORIENTED_EDGE('',*,*,#1736,.T.);
#811=ORIENTED_EDGE('',*,*,#1737,.T.);
#812=ORIENTED_EDGE('',*,*,#1738,.T.);
#813=ORIENTED_EDGE('',*,*,#1739,.T.);
#814=ORIENTED_EDGE('',*,*,#1740,.T.);
#815=ORIENTED_EDGE('',*,*,#1699,.T.);
#816=ORIENTED_EDGE('',*,*,#1741,.T.);
#817=ORIENTED_EDGE('',*,*,#1695,.T.);
#818=CARTESIAN_POINT('',(-1.18,10.4495879026213,0.999999999999999));
#819=DIRECTION('',(-1.0,0.0,0.0));
#820=DIRECTION('',(0.0,0.0,1.0));
#821=ORIENTED_EDGE('',*,*,#1691,.F.);
#822=ORIENTED_EDGE('',*,*,#1742,.T.);
#823=ORIENTED_EDGE('',*,*,#1693,.F.);
#824=ORIENTED_EDGE('',*,*,#1743,.F.);
#825=ORIENTED_EDGE('',*,*,#1697,.F.);
#826=ORIENTED_EDGE('',*,*,#1744,.F.);
#827=ORIENTED_EDGE('',*,*,#1745,.F.);
#828=ORIENTED_EDGE('',*,*,#1746,.F.);
#829=ORIENTED_EDGE('',*,*,#1747,.F.);
#830=ORIENTED_EDGE('',*,*,#1748,.F.);
#831=ORIENTED_EDGE('',*,*,#1749,.F.);
#832=ORIENTED_EDGE('',*,*,#1750,.F.);
#833=ORIENTED_EDGE('',*,*,#1687,.F.);
#834=ORIENTED_EDGE('',*,*,#1751,.F.);
#835=CARTESIAN_POINT('',(-1.82,10.4495879026213,0.999999999999999));
#836=DIRECTION('',(-1.0,0.0,0.0));
#837=DIRECTION('',(0.0,0.0,1.0));
#838=ORIENTED_EDGE('',*,*,#1752,.F.);
#839=ORIENTED_EDGE('',*,*,#1753,.T.);
#840=ORIENTED_EDGE('',*,*,#1754,.T.);
#841=ORIENTED_EDGE('',*,*,#1755,.F.);
#842=CARTESIAN_POINT('',(-1.18,13.08,1.84943552238827));
#843=DIRECTION('',(0.0,-1.0,0.0));
#844=DIRECTION('',(0.0,0.0,-1.0));
#845=ORIENTED_EDGE('',*,*,#1756,.F.);
#846=ORIENTED_EDGE('',*,*,#1710,.T.);
#847=ORIENTED_EDGE('',*,*,#1757,.F.);
#848=ORIENTED_EDGE('',*,*,#1719,.F.);
#849=ORIENTED_EDGE('',*,*,#1758,.F.);
#850=ORIENTED_EDGE('',*,*,#1759,.T.);
#851=ORIENTED_EDGE('',*,*,#1760,.F.);
#852=ORIENTED_EDGE('',*,*,#1761,.F.);
#853=ORIENTED_EDGE('',*,*,#1762,.F.);
#854=ORIENTED_EDGE('',*,*,#1763,.F.);
#855=ORIENTED_EDGE('',*,*,#1764,.T.);
#856=ORIENTED_EDGE('',*,*,#1765,.F.);
#857=ORIENTED_EDGE('',*,*,#1737,.F.);
#858=ORIENTED_EDGE('',*,*,#1766,.F.);
#859=ORIENTED_EDGE('',*,*,#1747,.T.);
#860=ORIENTED_EDGE('',*,*,#1767,.F.);
#861=CARTESIAN_POINT('',(0.0,9.9,0.0));
#862=DIRECTION('',(0.0,-1.0,0.0));
#863=DIRECTION('',(0.0,0.0,-1.0));
#864=ORIENTED_EDGE('',*,*,#1768,.F.);
#865=ORIENTED_EDGE('',*,*,#1769,.F.);
#866=ORIENTED_EDGE('',*,*,#1770,.F.);
#867=ORIENTED_EDGE('',*,*,#1771,.F.);
#868=ORIENTED_EDGE('',*,*,#1772,.T.);
#869=ORIENTED_EDGE('',*,*,#1773,.T.);
#870=ORIENTED_EDGE('',*,*,#1774,.T.);
#871=ORIENTED_EDGE('',*,*,#1775,.F.);
#872=CARTESIAN_POINT('',(0.0,6.6,0.0));
#873=DIRECTION('',(0.0,-1.0,0.0));
#874=DIRECTION('',(0.0,0.0,-1.0));
#875=ORIENTED_EDGE('',*,*,#1776,.T.);
#876=ORIENTED_EDGE('',*,*,#1777,.T.);
#877=ORIENTED_EDGE('',*,*,#1778,.T.);
#878=CARTESIAN_POINT('',(-4.185,11.05,-0.51));
#879=DIRECTION('',(0.0,-0.874157276121538,0.485642931178632));
#880=DIRECTION('',(-1.0,0.0,0.0));
#881=ORIENTED_EDGE('',*,*,#1779,.T.);
#882=ORIENTED_EDGE('',*,*,#1780,.T.);
#883=ORIENTED_EDGE('',*,*,#1781,.F.);
#884=CARTESIAN_POINT('',(-4.185,11.3,-0.0600000000000003));
#885=DIRECTION('',(0.0,-0.874157276121538,-0.485642931178632));
#886=DIRECTION('',(0.0,0.485642931178632,-0.874157276121538));
#887=ORIENTED_EDGE('',*,*,#1782,.T.);
#888=ORIENTED_EDGE('',*,*,#1783,.T.);
#889=ORIENTED_EDGE('',*,*,#1784,.T.);
#890=ORIENTED_EDGE('',*,*,#1758,.T.);
#891=ORIENTED_EDGE('',*,*,#1785,.T.);
#892=CARTESIAN_POINT('',(-4.185,0.0,0.0));
#893=DIRECTION('',(1.0,0.0,0.0));
#894=DIRECTION('',(0.0,1.0,0.0));
#895=ORIENTED_EDGE('',*,*,#1786,.F.);
#896=ORIENTED_EDGE('',*,*,#1787,.T.);
#897=ORIENTED_EDGE('',*,*,#1788,.T.);
#898=ORIENTED_EDGE('',*,*,#1762,.T.);
#899=ORIENTED_EDGE('',*,*,#1789,.T.);
#900=ORIENTED_EDGE('',*,*,#1790,.T.);
#901=ORIENTED_EDGE('',*,*,#1791,.T.);
#902=ORIENTED_EDGE('',*,*,#1792,.T.);
#903=ORIENTED_EDGE('',*,*,#1793,.T.);
#904=ORIENTED_EDGE('',*,*,#1794,.T.);
#905=CARTESIAN_POINT('',(4.825,9.9,4.44089209850063E-16));
#906=DIRECTION('',(1.0,0.0,0.0));
#907=DIRECTION('',(0.0,1.0,0.0));
#908=ORIENTED_EDGE('',*,*,#1795,.F.);
#909=ORIENTED_EDGE('',*,*,#1796,.F.);
#910=ORIENTED_EDGE('',*,*,#1797,.F.);
#911=ORIENTED_EDGE('',*,*,#1764,.F.);
#912=ORIENTED_EDGE('',*,*,#1798,.F.);
#913=CARTESIAN_POINT('',(4.185,0.0,0.0));
#914=DIRECTION('',(1.0,0.0,0.0));
#915=DIRECTION('',(0.0,1.0,0.0));
#916=ORIENTED_EDGE('',*,*,#1799,.F.);
#917=ORIENTED_EDGE('',*,*,#1800,.F.);
#918=ORIENTED_EDGE('',*,*,#1801,.T.);
#919=ORIENTED_EDGE('',*,*,#1802,.T.);
#920=ORIENTED_EDGE('',*,*,#1803,.F.);
#921=ORIENTED_EDGE('',*,*,#1804,.F.);
#922=ORIENTED_EDGE('',*,*,#1805,.T.);
#923=ORIENTED_EDGE('',*,*,#1806,.T.);
#924=ORIENTED_EDGE('',*,*,#1807,.T.);
#925=ORIENTED_EDGE('',*,*,#1808,.T.);
#926=ORIENTED_EDGE('',*,*,#1809,.T.);
#927=ORIENTED_EDGE('',*,*,#1810,.T.);
#928=ORIENTED_EDGE('',*,*,#1811,.T.);
#929=ORIENTED_EDGE('',*,*,#1765,.T.);
#930=ORIENTED_EDGE('',*,*,#1812,.T.);
#931=ORIENTED_EDGE('',*,*,#1813,.F.);
#932=ORIENTED_EDGE('',*,*,#1814,.F.);
#933=ORIENTED_EDGE('',*,*,#1815,.T.);
#934=ORIENTED_EDGE('',*,*,#1816,.T.);
#935=ORIENTED_EDGE('',*,*,#1817,.F.);
#936=CARTESIAN_POINT('',(-4.825,9.9,2.95446040294299E-16));
#937=DIRECTION('',(0.0,0.0,-1.0));
#938=DIRECTION('',(0.0,-1.0,0.0));
#939=ORIENTED_EDGE('',*,*,#1818,.T.);
#940=ORIENTED_EDGE('',*,*,#1819,.T.);
#941=ORIENTED_EDGE('',*,*,#1820,.F.);
#942=ORIENTED_EDGE('',*,*,#1821,.T.);
#943=CARTESIAN_POINT('',(-3.425,0.0,38.214));
#944=DIRECTION('',(-0.766044443118978,-0.642787609686539,0.0));
#945=DIRECTION('',(-0.642787609686539,0.766044443118978,0.0));
#946=ORIENTED_EDGE('',*,*,#1822,.T.);
#947=ORIENTED_EDGE('',*,*,#1823,.T.);
#948=ORIENTED_EDGE('',*,*,#1790,.F.);
#949=ORIENTED_EDGE('',*,*,#1824,.T.);
#950=CARTESIAN_POINT('',(4.825,1.6684550296319,38.214));
#951=DIRECTION('',(0.766044443118978,-0.642787609686539,0.0));
#952=DIRECTION('',(0.0,0.0,-1.0));
#953=ORIENTED_EDGE('',*,*,#1825,.F.);
#954=ORIENTED_EDGE('',*,*,#1826,.F.);
#955=ORIENTED_EDGE('',*,*,#1827,.F.);
#956=ORIENTED_EDGE('',*,*,#1828,.F.);
#957=ORIENTED_EDGE('',*,*,#1829,.F.);
#958=ORIENTED_EDGE('',*,*,#1830,.F.);
#959=ORIENTED_EDGE('',*,*,#1831,.F.);
#960=ORIENTED_EDGE('',*,*,#1832,.F.);
#961=ORIENTED_EDGE('',*,*,#1833,.F.);
#962=ORIENTED_EDGE('',*,*,#1822,.F.);
#963=ORIENTED_EDGE('',*,*,#1834,.T.);
#964=ORIENTED_EDGE('',*,*,#1820,.T.);
#965=ORIENTED_EDGE('',*,*,#1835,.T.);
#966=ORIENTED_EDGE('',*,*,#1836,.T.);
#967=ORIENTED_EDGE('',*,*,#1817,.T.);
#968=ORIENTED_EDGE('',*,*,#1837,.F.);
#969=ORIENTED_EDGE('',*,*,#1838,.F.);
#970=CARTESIAN_POINT('',(0.0,0.0,0.0));
#971=DIRECTION('',(0.0,-1.0,0.0));
#972=DIRECTION('',(0.0,0.0,-1.0));
#973=ORIENTED_EDGE('',*,*,#1824,.F.);
#974=ORIENTED_EDGE('',*,*,#1789,.F.);
#975=ORIENTED_EDGE('',*,*,#1761,.T.);
#976=ORIENTED_EDGE('',*,*,#1839,.T.);
#977=ORIENTED_EDGE('',*,*,#1821,.F.);
#978=ORIENTED_EDGE('',*,*,#1834,.F.);
#979=ORIENTED_EDGE('',*,*,#1840,.T.);
#980=ORIENTED_EDGE('',*,*,#1841,.T.);
#981=ORIENTED_EDGE('',*,*,#1842,.F.);
#982=ORIENTED_EDGE('',*,*,#1843,.F.);
#983=CARTESIAN_POINT('',(4.825,9.9,3.86));
#984=DIRECTION('',(-5.39292272324396E-16,0.0,1.0));
#985=DIRECTION('',(1.0,-0.0,5.39292272324396E-16));
#986=ORIENTED_EDGE('',*,*,#1844,.F.);
#987=ORIENTED_EDGE('',*,*,#1845,.T.);
#988=ORIENTED_EDGE('',*,*,#1846,.F.);
#989=ORIENTED_EDGE('',*,*,#1847,.T.);
#990=ORIENTED_EDGE('',*,*,#1848,.F.);
#991=ORIENTED_EDGE('',*,*,#1849,.F.);
#992=ORIENTED_EDGE('',*,*,#1818,.F.);
#993=ORIENTED_EDGE('',*,*,#1839,.F.);
#994=ORIENTED_EDGE('',*,*,#1760,.T.);
#995=ORIENTED_EDGE('',*,*,#1850,.F.);
#996=CARTESIAN_POINT('',(-4.825,9.9,3.86));
#997=DIRECTION('',(-1.0,0.0,-2.24705113468499E-16));
#998=DIRECTION('',(-2.24705113468499E-16,0.0,1.0));
#999=ORIENTED_EDGE('',*,*,#1851,.T.);
#1000=ORIENTED_EDGE('',*,*,#1840,.F.);
#1001=ORIENTED_EDGE('',*,*,#1852,.F.);
#1002=ORIENTED_EDGE('',*,*,#1853,.T.);
#1003=CARTESIAN_POINT('',(1.3,2.2,5.05999999999998));
#1004=DIRECTION('',(0.0,0.585846996418766,-0.810421678379293));
#1005=DIRECTION('',(-1.0,0.0,0.0));
#1006=ORIENTED_EDGE('',*,*,#1854,.T.);
#1007=ORIENTED_EDGE('',*,*,#1855,.F.);
#1008=ORIENTED_EDGE('',*,*,#1856,.F.);
#1009=ORIENTED_EDGE('',*,*,#1842,.T.);
#1010=CARTESIAN_POINT('',(1.3,2.95,3.85999999999999));
#1011=DIRECTION('',(0.0,-1.0,-7.22801448323675E-16));
#1012=DIRECTION('',(0.0,7.22801448323675E-16,-1.0));
#1013=ORIENTED_EDGE('',*,*,#1857,.T.);
#1014=ORIENTED_EDGE('',*,*,#1853,.F.);
#1015=ORIENTED_EDGE('',*,*,#1858,.F.);
#1016=ORIENTED_EDGE('',*,*,#1855,.T.);
#1017=CARTESIAN_POINT('',(1.3,2.95,5.05999999999998));
#1018=DIRECTION('',(0.0,1.15648231731787E-15,-1.0));
#1019=DIRECTION('',(-1.0,0.0,0.0));
#1020=ORIENTED_EDGE('',*,*,#1852,.T.);
#1021=ORIENTED_EDGE('',*,*,#1843,.T.);
#1022=ORIENTED_EDGE('',*,*,#1856,.T.);
#1023=ORIENTED_EDGE('',*,*,#1858,.T.);
#1024=CARTESIAN_POINT('',(1.3,0.0,0.0));
#1025=DIRECTION('',(-1.0,0.0,0.0));
#1026=DIRECTION('',(0.0,0.0,1.0));
#1027=ORIENTED_EDGE('',*,*,#1851,.F.);
#1028=ORIENTED_EDGE('',*,*,#1857,.F.);
#1029=ORIENTED_EDGE('',*,*,#1854,.F.);
#1030=ORIENTED_EDGE('',*,*,#1841,.F.);
#1031=CARTESIAN_POINT('',(-1.3,0.0,0.0));
#1032=DIRECTION('',(-1.0,0.0,0.0));
#1033=DIRECTION('',(0.0,0.0,1.0));
#1034=ORIENTED_EDGE('',*,*,#1848,.T.);
#1035=ORIENTED_EDGE('',*,*,#1859,.T.);
#1036=ORIENTED_EDGE('',*,*,#1807,.F.);
#1037=ORIENTED_EDGE('',*,*,#1836,.F.);
#1038=ORIENTED_EDGE('',*,*,#1860,.F.);
#1039=CARTESIAN_POINT('',(-3.425,0.0,38.214));
#1040=DIRECTION('',(-0.766044443118978,-0.642787609686539,0.0));
#1041=DIRECTION('',(-0.642787609686539,0.766044443118978,0.0));
#1042=ORIENTED_EDGE('',*,*,#1816,.F.);
#1043=ORIENTED_EDGE('',*,*,#1861,.T.);
#1044=ORIENTED_EDGE('',*,*,#1792,.F.);
#1045=ORIENTED_EDGE('',*,*,#1862,.F.);
#1046=ORIENTED_EDGE('',*,*,#1837,.T.);
#1047=CARTESIAN_POINT('',(4.825,1.6684550296319,38.214));
#1048=DIRECTION('',(0.766044443118978,-0.642787609686539,0.0));
#1049=DIRECTION('',(0.0,0.0,-1.0));
#1050=ORIENTED_EDGE('',*,*,#1863,.T.);
#1051=ORIENTED_EDGE('',*,*,#1864,.T.);
#1052=ORIENTED_EDGE('',*,*,#1865,.F.);
#1053=ORIENTED_EDGE('',*,*,#1838,.T.);
#1054=CARTESIAN_POINT('',(3.425,1.6684550296319,3.22));
#1055=DIRECTION('',(1.0,0.0,0.0));
#1056=DIRECTION('',(0.0,1.0,0.0));
#1057=ORIENTED_EDGE('',*,*,#1866,.T.);
#1058=ORIENTED_EDGE('',*,*,#1791,.F.);
#1059=ORIENTED_EDGE('',*,*,#1867,.F.);
#1060=ORIENTED_EDGE('',*,*,#1864,.F.);
#1061=CARTESIAN_POINT('',(4.825,1.6684550296319,3.22));
#1062=DIRECTION('',(3.09772049281573E-16,-1.0,0.0));
#1063=DIRECTION('',(0.0,0.0,-1.0));
#1064=ORIENTED_EDGE('',*,*,#1865,.T.);
#1065=ORIENTED_EDGE('',*,*,#1867,.T.);
#1066=ORIENTED_EDGE('',*,*,#1823,.F.);
#1067=CARTESIAN_POINT('',(0.0,0.0,3.22));
#1068=DIRECTION('',(0.0,0.0,-1.0));
#1069=DIRECTION('',(0.0,-1.0,0.0));
#1070=ORIENTED_EDGE('',*,*,#1863,.F.);
#1071=ORIENTED_EDGE('',*,*,#1862,.T.);
#1072=ORIENTED_EDGE('',*,*,#1866,.F.);
#1073=CARTESIAN_POINT('',(0.0,0.0,1.15));
#1074=DIRECTION('',(0.0,0.0,-1.0));
#1075=DIRECTION('',(0.0,-1.0,0.0));
#1076=ORIENTED_EDGE('',*,*,#1868,.T.);
#1077=ORIENTED_EDGE('',*,*,#1835,.F.);
#1078=ORIENTED_EDGE('',*,*,#1869,.F.);
#1079=ORIENTED_EDGE('',*,*,#1870,.F.);
#1080=CARTESIAN_POINT('',(-3.425,0.0,3.22));
#1081=DIRECTION('',(-1.0,0.0,0.0));
#1082=DIRECTION('',(0.0,0.0,1.0));
#1083=ORIENTED_EDGE('',*,*,#1871,.T.);
#1084=ORIENTED_EDGE('',*,*,#1870,.T.);
#1085=ORIENTED_EDGE('',*,*,#1872,.F.);
#1086=ORIENTED_EDGE('',*,*,#1849,.T.);
#1087=CARTESIAN_POINT('',(-3.425,1.6684550296319,3.22));
#1088=DIRECTION('',(-3.09772049281573E-16,-1.0,0.0));
#1089=DIRECTION('',(-1.0,3.09772049281573E-16,0.0));
#1090=ORIENTED_EDGE('',*,*,#1819,.F.);
#1091=ORIENTED_EDGE('',*,*,#1872,.T.);
#1092=ORIENTED_EDGE('',*,*,#1869,.T.);
#1093=CARTESIAN_POINT('',(0.0,0.0,3.22));
#1094=DIRECTION('',(0.0,0.0,-1.0));
#1095=DIRECTION('',(0.0,-1.0,0.0));
#1096=ORIENTED_EDGE('',*,*,#1860,.T.);
#1097=ORIENTED_EDGE('',*,*,#1868,.F.);
#1098=ORIENTED_EDGE('',*,*,#1871,.F.);
#1099=CARTESIAN_POINT('',(0.0,0.0,1.15));
#1100=DIRECTION('',(0.0,0.0,-1.0));
#1101=DIRECTION('',(0.0,-1.0,0.0));
#1102=ORIENTED_EDGE('',*,*,#1814,.T.);
#1103=ORIENTED_EDGE('',*,*,#1873,.T.);
#1104=ORIENTED_EDGE('',*,*,#1874,.F.);
#1105=ORIENTED_EDGE('',*,*,#1875,.F.);
#1106=CARTESIAN_POINT('',(3.89,9.6,-0.51));
#1107=DIRECTION('',(-1.0,0.0,0.0));
#1108=DIRECTION('',(0.0,0.0,1.0));
#1109=ORIENTED_EDGE('',*,*,#1794,.F.);
#1110=ORIENTED_EDGE('',*,*,#1876,.T.);
#1111=ORIENTED_EDGE('',*,*,#1875,.T.);
#1112=ORIENTED_EDGE('',*,*,#1877,.F.);
#1113=CARTESIAN_POINT('',(3.89,8.05,-0.51));
#1114=DIRECTION('',(0.0,-1.0,0.0));
#1115=DIRECTION('',(0.0,0.0,-1.0));
#1116=ORIENTED_EDGE('',*,*,#1813,.T.);
#1117=ORIENTED_EDGE('',*,*,#1878,.T.);
#1118=ORIENTED_EDGE('',*,*,#1879,.F.);
#1119=ORIENTED_EDGE('',*,*,#1873,.F.);
#1120=CARTESIAN_POINT('',(4.19,9.9,-0.51));
#1121=DIRECTION('',(-0.70710678118655,0.707106781186545,0.0));
#1122=DIRECTION('',(0.0,0.0,1.0));
#1123=ORIENTED_EDGE('',*,*,#1874,.T.);
#1124=ORIENTED_EDGE('',*,*,#1879,.T.);
#1125=ORIENTED_EDGE('',*,*,#1880,.F.);
#1126=ORIENTED_EDGE('',*,*,#1796,.T.);
#1127=ORIENTED_EDGE('',*,*,#1881,.T.);
#1128=ORIENTED_EDGE('',*,*,#1786,.T.);
#1129=ORIENTED_EDGE('',*,*,#1877,.T.);
#1130=CARTESIAN_POINT('',(0.0,0.0,-0.51));
#1131=DIRECTION('',(0.0,0.0,1.0));
#1132=DIRECTION('',(1.0,0.0,0.0));
#1133=ORIENTED_EDGE('',*,*,#1810,.F.);
#1134=ORIENTED_EDGE('',*,*,#1882,.T.);
#1135=ORIENTED_EDGE('',*,*,#1883,.T.);
#1136=ORIENTED_EDGE('',*,*,#1884,.F.);
#1137=CARTESIAN_POINT('',(-4.19,9.9,-0.51));
#1138=DIRECTION('',(-0.707106781186552,-0.707106781186543,0.0));
#1139=DIRECTION('',(-0.707106781186543,0.707106781186552,0.0));
#1140=ORIENTED_EDGE('',*,*,#1809,.F.);
#1141=ORIENTED_EDGE('',*,*,#1885,.T.);
#1142=ORIENTED_EDGE('',*,*,#1886,.T.);
#1143=ORIENTED_EDGE('',*,*,#1882,.F.);
#1144=CARTESIAN_POINT('',(-3.89,9.6,-0.51));
#1145=DIRECTION('',(-1.0,0.0,0.0));
#1146=DIRECTION('',(0.0,0.0,1.0));
#1147=ORIENTED_EDGE('',*,*,#1885,.F.);
#1148=ORIENTED_EDGE('',*,*,#1887,.T.);
#1149=ORIENTED_EDGE('',*,*,#1846,.T.);
#1150=ORIENTED_EDGE('',*,*,#1888,.T.);
#1151=CARTESIAN_POINT('',(-3.89,8.05,-0.51));
#1152=DIRECTION('',(-0.0,1.0,0.0));
#1153=DIRECTION('',(1.0,0.0,0.0));
#1154=ORIENTED_EDGE('',*,*,#1845,.F.);
#1155=ORIENTED_EDGE('',*,*,#1777,.F.);
#1156=ORIENTED_EDGE('',*,*,#1782,.F.);
#1157=ORIENTED_EDGE('',*,*,#1889,.T.);
#1158=ORIENTED_EDGE('',*,*,#1883,.F.);
#1159=ORIENTED_EDGE('',*,*,#1886,.F.);
#1160=ORIENTED_EDGE('',*,*,#1888,.F.);
#1161=CARTESIAN_POINT('',(0.0,0.0,-0.51));
#1162=DIRECTION('',(0.0,0.0,-1.0));
#1163=DIRECTION('',(0.0,-1.0,0.0));
#1164=ORIENTED_EDGE('',*,*,#1887,.F.);
#1165=ORIENTED_EDGE('',*,*,#1808,.F.);
#1166=ORIENTED_EDGE('',*,*,#1859,.F.);
#1167=ORIENTED_EDGE('',*,*,#1847,.F.);
#1168=CARTESIAN_POINT('',(-4.825,9.9,0.51));
#1169=DIRECTION('',(0.478852130680573,0.0,0.877895572914385));
#1170=DIRECTION('',(0.0,-1.0,0.0));
#1171=ORIENTED_EDGE('',*,*,#1876,.F.);
#1172=ORIENTED_EDGE('',*,*,#1793,.F.);
#1173=ORIENTED_EDGE('',*,*,#1861,.F.);
#1174=ORIENTED_EDGE('',*,*,#1815,.F.);
#1175=CARTESIAN_POINT('',(3.89,9.9,2.95446040294299E-16));
#1176=DIRECTION('',(-0.478852130680572,0.0,0.877895572914385));
#1177=DIRECTION('',(0.0,1.0,0.0));
#1178=ORIENTED_EDGE('',*,*,#1829,.T.);
#1179=ORIENTED_EDGE('',*,*,#1890,.T.);
#1180=ORIENTED_EDGE('',*,*,#1891,.T.);
#1181=ORIENTED_EDGE('',*,*,#1892,.F.);
#1182=CARTESIAN_POINT('',(0.23,6.6,3.20000000000002));
#1183=DIRECTION('',(-1.0,0.0,-2.29460777245609E-16));
#1184=DIRECTION('',(-2.29460777245609E-16,0.0,1.0));
#1185=ORIENTED_EDGE('',*,*,#1833,.T.);
#1186=ORIENTED_EDGE('',*,*,#1893,.T.);
#1187=ORIENTED_EDGE('',*,*,#1894,.T.);
#1188=ORIENTED_EDGE('',*,*,#1890,.F.);
#1189=CARTESIAN_POINT('',(0.230000000000001,6.6,1.31000000000002));
#1190=DIRECTION('',(-0.707106781186547,0.0,-0.707106781186548));
#1191=DIRECTION('',(-0.707106781186548,0.0,0.707106781186547));
#1192=ORIENTED_EDGE('',*,*,#1832,.T.);
#1193=ORIENTED_EDGE('',*,*,#1895,.T.);
#1194=ORIENTED_EDGE('',*,*,#1896,.T.);
#1195=ORIENTED_EDGE('',*,*,#1893,.F.);
#1196=CARTESIAN_POINT('',(0.879999999999999,6.6,0.660000000000018));
#1197=DIRECTION('',(5.73651943114023E-16,0.0,-1.0));
#1198=DIRECTION('',(0.0,-1.0,0.0));
#1199=ORIENTED_EDGE('',*,*,#1831,.T.);
#1200=ORIENTED_EDGE('',*,*,#1897,.T.);
#1201=ORIENTED_EDGE('',*,*,#1898,.T.);
#1202=ORIENTED_EDGE('',*,*,#1895,.F.);
#1203=CARTESIAN_POINT('',(2.77,6.6,0.660000000000019));
#1204=DIRECTION('',(1.0,0.0,6.82961998416066E-16));
#1205=DIRECTION('',(-6.82961998416066E-16,0.0,1.0));
#1206=ORIENTED_EDGE('',*,*,#1830,.T.);
#1207=ORIENTED_EDGE('',*,*,#1892,.T.);
#1208=ORIENTED_EDGE('',*,*,#1899,.T.);
#1209=ORIENTED_EDGE('',*,*,#1897,.F.);
#1210=CARTESIAN_POINT('',(2.77,6.6,3.20000000000002));
#1211=DIRECTION('',(-1.70740499604017E-16,0.0,1.0));
#1212=DIRECTION('',(1.0,-0.0,1.70740499604017E-16));
#1213=ORIENTED_EDGE('',*,*,#1900,.F.);
#1214=ORIENTED_EDGE('',*,*,#1901,.T.);
#1215=ORIENTED_EDGE('',*,*,#1902,.T.);
#1216=ORIENTED_EDGE('',*,*,#1903,.T.);
#1217=ORIENTED_EDGE('',*,*,#1891,.F.);
#1218=ORIENTED_EDGE('',*,*,#1894,.F.);
#1219=ORIENTED_EDGE('',*,*,#1896,.F.);
#1220=ORIENTED_EDGE('',*,*,#1898,.F.);
#1221=ORIENTED_EDGE('',*,*,#1899,.F.);
#1222=CARTESIAN_POINT('',(0.0,6.6,0.0));
#1223=DIRECTION('',(0.0,-1.0,0.0));
#1224=DIRECTION('',(0.0,0.0,-1.0));
#1225=ORIENTED_EDGE('',*,*,#1825,.T.);
#1226=ORIENTED_EDGE('',*,*,#1904,.T.);
#1227=ORIENTED_EDGE('',*,*,#1768,.T.);
#1228=ORIENTED_EDGE('',*,*,#1905,.F.);
#1229=CARTESIAN_POINT('',(-2.77,6.6,3.20000000000002));
#1230=DIRECTION('',(-1.0,0.0,-3.41480999208033E-16));
#1231=DIRECTION('',(-3.41480999208033E-16,0.0,1.0));
#1232=ORIENTED_EDGE('',*,*,#1828,.T.);
#1233=ORIENTED_EDGE('',*,*,#1906,.T.);
#1234=ORIENTED_EDGE('',*,*,#1769,.T.);
#1235=ORIENTED_EDGE('',*,*,#1904,.F.);
#1236=CARTESIAN_POINT('',(-2.77,6.6,0.66000000000002));
#1237=DIRECTION('',(1.70740499604017E-16,0.0,-1.0));
#1238=DIRECTION('',(0.0,-1.0,0.0));
#1239=ORIENTED_EDGE('',*,*,#1827,.T.);
#1240=ORIENTED_EDGE('',*,*,#1907,.T.);
#1241=ORIENTED_EDGE('',*,*,#1770,.T.);
#1242=ORIENTED_EDGE('',*,*,#1906,.F.);
#1243=CARTESIAN_POINT('',(-0.230000000000001,6.6,0.660000000000021));
#1244=DIRECTION('',(1.0,0.0,8.53702498020083E-17));
#1245=DIRECTION('',(-8.53702498020083E-17,0.0,1.0));
#1246=ORIENTED_EDGE('',*,*,#1826,.T.);
#1247=ORIENTED_EDGE('',*,*,#1905,.T.);
#1248=ORIENTED_EDGE('',*,*,#1771,.T.);
#1249=ORIENTED_EDGE('',*,*,#1907,.F.);
#1250=CARTESIAN_POINT('',(-0.230000000000001,6.6,3.20000000000002));
#1251=DIRECTION('',(-1.70740499604017E-16,0.0,1.0));
#1252=DIRECTION('',(1.0,-0.0,1.70740499604017E-16));
#1253=ORIENTED_EDGE('',*,*,#1908,.T.);
#1254=ORIENTED_EDGE('',*,*,#1804,.T.);
#1255=ORIENTED_EDGE('',*,*,#1909,.F.);
#1256=ORIENTED_EDGE('',*,*,#1910,.F.);
#1257=CARTESIAN_POINT('',(-1.475,8.06,1.4432899320127E-15));
#1258=DIRECTION('',(-1.0,0.0,0.0));
#1259=DIRECTION('',(0.0,0.0,1.0));
#1260=ORIENTED_EDGE('',*,*,#1911,.T.);
#1261=ORIENTED_EDGE('',*,*,#1910,.T.);
#1262=ORIENTED_EDGE('',*,*,#1912,.F.);
#1263=ORIENTED_EDGE('',*,*,#1913,.F.);
#1264=CARTESIAN_POINT('',(-1.475,8.06,-0.51));
#1265=DIRECTION('',(2.16840434497101E-16,0.0,-1.0));
#1266=DIRECTION('',(0.0,-1.0,0.0));
#1267=ORIENTED_EDGE('',*,*,#1914,.T.);
#1268=ORIENTED_EDGE('',*,*,#1913,.T.);
#1269=ORIENTED_EDGE('',*,*,#1915,.F.);
#1270=ORIENTED_EDGE('',*,*,#1806,.F.);
#1271=CARTESIAN_POINT('',(-0.475,8.06,-0.51));
#1272=DIRECTION('',(1.0,0.0,0.0));
#1273=DIRECTION('',(0.0,1.0,0.0));
#1274=ORIENTED_EDGE('',*,*,#1909,.T.);
#1275=ORIENTED_EDGE('',*,*,#1803,.T.);
#1276=ORIENTED_EDGE('',*,*,#1915,.T.);
#1277=ORIENTED_EDGE('',*,*,#1912,.T.);
#1278=CARTESIAN_POINT('',(0.0,8.06,0.0));
#1279=DIRECTION('',(0.0,-1.0,0.0));
#1280=DIRECTION('',(0.0,0.0,-1.0));
#1281=ORIENTED_EDGE('',*,*,#1908,.F.);
#1282=ORIENTED_EDGE('',*,*,#1911,.F.);
#1283=ORIENTED_EDGE('',*,*,#1914,.F.);
#1284=ORIENTED_EDGE('',*,*,#1805,.F.);
#1285=CARTESIAN_POINT('',(0.0,1.6,0.0));
#1286=DIRECTION('',(0.0,-1.0,0.0));
#1287=DIRECTION('',(0.0,0.0,-1.0));
#1288=ORIENTED_EDGE('',*,*,#1916,.T.);
#1289=ORIENTED_EDGE('',*,*,#1800,.T.);
#1290=ORIENTED_EDGE('',*,*,#1917,.F.);
#1291=ORIENTED_EDGE('',*,*,#1918,.F.);
#1292=CARTESIAN_POINT('',(0.475,8.06,1.55431223447522E-15));
#1293=DIRECTION('',(-1.0,0.0,0.0));
#1294=DIRECTION('',(0.0,0.0,1.0));
#1295=ORIENTED_EDGE('',*,*,#1919,.T.);
#1296=ORIENTED_EDGE('',*,*,#1918,.T.);
#1297=ORIENTED_EDGE('',*,*,#1920,.F.);
#1298=ORIENTED_EDGE('',*,*,#1921,.F.);
#1299=CARTESIAN_POINT('',(0.475,8.06,-0.51));
#1300=DIRECTION('',(-2.16840434497101E-16,0.0,-1.0));
#1301=DIRECTION('',(-1.0,0.0,2.16840434497101E-16));
#1302=ORIENTED_EDGE('',*,*,#1922,.T.);
#1303=ORIENTED_EDGE('',*,*,#1921,.T.);
#1304=ORIENTED_EDGE('',*,*,#1923,.F.);
#1305=ORIENTED_EDGE('',*,*,#1802,.F.);
#1306=CARTESIAN_POINT('',(1.475,8.06,-0.51));
#1307=DIRECTION('',(1.0,0.0,0.0));
#1308=DIRECTION('',(0.0,1.0,0.0));
#1309=ORIENTED_EDGE('',*,*,#1917,.T.);
#1310=ORIENTED_EDGE('',*,*,#1799,.T.);
#1311=ORIENTED_EDGE('',*,*,#1923,.T.);
#1312=ORIENTED_EDGE('',*,*,#1920,.T.);
#1313=CARTESIAN_POINT('',(0.0,8.06,0.0));
#1314=DIRECTION('',(0.0,-1.0,0.0));
#1315=DIRECTION('',(0.0,0.0,-1.0));
#1316=ORIENTED_EDGE('',*,*,#1916,.F.);
#1317=ORIENTED_EDGE('',*,*,#1919,.F.);
#1318=ORIENTED_EDGE('',*,*,#1922,.F.);
#1319=ORIENTED_EDGE('',*,*,#1801,.F.);
#1320=CARTESIAN_POINT('',(0.0,1.6,0.0));
#1321=DIRECTION('',(0.0,-1.0,0.0));
#1322=DIRECTION('',(0.0,0.0,-1.0));
#1323=ORIENTED_EDGE('',*,*,#1878,.F.);
#1324=ORIENTED_EDGE('',*,*,#1812,.F.);
#1325=ORIENTED_EDGE('',*,*,#1797,.T.);
#1326=ORIENTED_EDGE('',*,*,#1880,.T.);
#1327=CARTESIAN_POINT('',(4.185,9.9,0.39));
#1328=DIRECTION('',(0.0,-1.0,0.0));
#1329=DIRECTION('',(0.0,0.0,-1.0));
#1330=ORIENTED_EDGE('',*,*,#1924,.F.);
#1331=ORIENTED_EDGE('',*,*,#1925,.F.);
#1332=ORIENTED_EDGE('',*,*,#1881,.F.);
#1333=CARTESIAN_POINT('',(4.185,11.05,-0.51));
#1334=DIRECTION('',(0.0,0.874157276121538,-0.485642931178632));
#1335=DIRECTION('',(-1.0,0.0,0.0));
#1336=ORIENTED_EDGE('',*,*,#1926,.F.);
#1337=ORIENTED_EDGE('',*,*,#1927,.T.);
#1338=ORIENTED_EDGE('',*,*,#1928,.F.);
#1339=CARTESIAN_POINT('',(4.185,11.3,-0.0600000000000003));
#1340=DIRECTION('',(0.0,0.874157276121538,0.485642931178632));
#1341=DIRECTION('',(1.0,0.0,-0.0));
#1342=ORIENTED_EDGE('',*,*,#1788,.F.);
#1343=ORIENTED_EDGE('',*,*,#1927,.F.);
#1344=ORIENTED_EDGE('',*,*,#1798,.T.);
#1345=ORIENTED_EDGE('',*,*,#1763,.T.);
#1346=CARTESIAN_POINT('',(4.185,11.05,0.39));
#1347=DIRECTION('',(0.0,-1.41417674672022E-16,1.0));
#1348=DIRECTION('',(0.0,-1.0,-1.41417674672022E-16));
#1349=ORIENTED_EDGE('',*,*,#1925,.T.);
#1350=ORIENTED_EDGE('',*,*,#1928,.T.);
#1351=ORIENTED_EDGE('',*,*,#1787,.F.);
#1352=CARTESIAN_POINT('',(4.505,11.3,-8.52));
#1353=DIRECTION('',(-0.615644041972315,-0.788024373724563,-1.11440574517004E-16));
#1354=DIRECTION('',(-0.788024373724563,0.615644041972315,0.0));
#1355=ORIENTED_EDGE('',*,*,#1924,.T.);
#1356=ORIENTED_EDGE('',*,*,#1795,.T.);
#1357=ORIENTED_EDGE('',*,*,#1926,.T.);
#1358=CARTESIAN_POINT('',(4.185,11.05,-8.52));
#1359=DIRECTION('',(0.615644041972314,-0.788024373724564,-1.11440574517005E-16));
#1360=DIRECTION('',(0.0,1.41417674672023E-16,-1.0));
#1361=ORIENTED_EDGE('',*,*,#1811,.F.);
#1362=ORIENTED_EDGE('',*,*,#1884,.T.);
#1363=ORIENTED_EDGE('',*,*,#1889,.F.);
#1364=ORIENTED_EDGE('',*,*,#1785,.F.);
#1365=CARTESIAN_POINT('',(-4.185,9.9,0.39));
#1366=DIRECTION('',(-0.0,1.0,0.0));
#1367=DIRECTION('',(1.0,0.0,0.0));
#1368=ORIENTED_EDGE('',*,*,#1850,.T.);
#1369=ORIENTED_EDGE('',*,*,#1759,.F.);
#1370=ORIENTED_EDGE('',*,*,#1784,.F.);
#1371=ORIENTED_EDGE('',*,*,#1781,.T.);
#1372=CARTESIAN_POINT('',(-4.185,11.05,0.39));
#1373=DIRECTION('',(0.0,1.41417674672022E-16,-1.0));
#1374=DIRECTION('',(-1.0,0.0,0.0));
#1375=ORIENTED_EDGE('',*,*,#1778,.F.);
#1376=ORIENTED_EDGE('',*,*,#1844,.T.);
#1377=ORIENTED_EDGE('',*,*,#1780,.F.);
#1378=CARTESIAN_POINT('',(-4.505,11.3,-8.52));
#1379=DIRECTION('',(-0.615644041972315,0.788024373724563,1.11440574517004E-16));
#1380=DIRECTION('',(1.81014623580188E-16,0.0,1.0));
#1381=ORIENTED_EDGE('',*,*,#1776,.F.);
#1382=ORIENTED_EDGE('',*,*,#1779,.F.);
#1383=ORIENTED_EDGE('',*,*,#1783,.F.);
#1384=CARTESIAN_POINT('',(-4.185,11.05,-8.52));
#1385=DIRECTION('',(0.615644041972314,0.788024373724564,1.11440574517005E-16));
#1386=DIRECTION('',(1.8101462358019E-16,0.0,-1.0));
#1387=ORIENTED_EDGE('',*,*,#1929,.T.);
#1388=ORIENTED_EDGE('',*,*,#1930,.T.);
#1389=ORIENTED_EDGE('',*,*,#1728,.F.);
#1390=ORIENTED_EDGE('',*,*,#1931,.T.);
#1391=CARTESIAN_POINT('',(-1.18,3.28,2.28));
#1392=DIRECTION('',(0.0,0.241921895599665,-0.970295726275997));
#1393=DIRECTION('',(-1.0,0.0,0.0));
#1394=ORIENTED_EDGE('',*,*,#1730,.T.);
#1395=ORIENTED_EDGE('',*,*,#1932,.T.);
#1396=ORIENTED_EDGE('',*,*,#1933,.F.);
#1397=ORIENTED_EDGE('',*,*,#1934,.T.);
#1398=CARTESIAN_POINT('',(-1.18,2.44,1.84943552238827));
#1399=DIRECTION('',(0.0,0.241921895599665,0.970295726275997));
#1400=DIRECTION('',(1.0,-0.0,0.0));
#1401=ORIENTED_EDGE('',*,*,#1935,.T.);
#1402=ORIENTED_EDGE('',*,*,#1936,.T.);
#1403=ORIENTED_EDGE('',*,*,#1937,.T.);
#1404=ORIENTED_EDGE('',*,*,#1773,.F.);
#1405=CARTESIAN_POINT('',(-1.18,10.4495879026213,0.999999999999999));
#1406=DIRECTION('',(-1.0,0.0,0.0));
#1407=DIRECTION('',(0.0,0.0,1.0));
#1408=ORIENTED_EDGE('',*,*,#1938,.F.);
#1409=ORIENTED_EDGE('',*,*,#1939,.F.);
#1410=ORIENTED_EDGE('',*,*,#1775,.T.);
#1411=ORIENTED_EDGE('',*,*,#1940,.F.);
#1412=CARTESIAN_POINT('',(-1.82,10.4495879026213,0.999999999999999));
#1413=DIRECTION('',(-1.0,0.0,0.0));
#1414=DIRECTION('',(0.0,0.0,1.0));
#1415=ORIENTED_EDGE('',*,*,#1772,.F.);
#1416=ORIENTED_EDGE('',*,*,#1939,.T.);
#1417=ORIENTED_EDGE('',*,*,#1929,.F.);
#1418=ORIENTED_EDGE('',*,*,#1935,.F.);
#1419=CARTESIAN_POINT('',(-1.18,6.6,2.28));
#1420=DIRECTION('',(0.0,1.30626767769338E-16,-1.0));
#1421=DIRECTION('',(-1.0,0.0,0.0));
#1422=ORIENTED_EDGE('',*,*,#1774,.F.);
#1423=ORIENTED_EDGE('',*,*,#1937,.F.);
#1424=ORIENTED_EDGE('',*,*,#1933,.T.);
#1425=ORIENTED_EDGE('',*,*,#1940,.T.);
#1426=CARTESIAN_POINT('',(-1.18,6.6,1.64));
#1427=DIRECTION('',(0.0,0.0,1.0));
#1428=DIRECTION('',(1.0,0.0,0.0));
#1429=ORIENTED_EDGE('',*,*,#1738,.F.);
#1430=ORIENTED_EDGE('',*,*,#1767,.T.);
#1431=ORIENTED_EDGE('',*,*,#1746,.T.);
#1432=ORIENTED_EDGE('',*,*,#1941,.F.);
#1433=CARTESIAN_POINT('',(-1.18,6.6,1.64));
#1434=DIRECTION('',(0.0,0.0,1.0));
#1435=DIRECTION('',(1.0,0.0,0.0));
#1436=ORIENTED_EDGE('',*,*,#1748,.T.);
#1437=ORIENTED_EDGE('',*,*,#1766,.T.);
#1438=ORIENTED_EDGE('',*,*,#1736,.F.);
#1439=ORIENTED_EDGE('',*,*,#1942,.T.);
#1440=CARTESIAN_POINT('',(-1.18,6.6,2.28));
#1441=DIRECTION('',(0.0,1.30626767769338E-16,-1.0));
#1442=DIRECTION('',(-1.0,0.0,0.0));
#1443=ORIENTED_EDGE('',*,*,#1745,.T.);
#1444=ORIENTED_EDGE('',*,*,#1943,.F.);
#1445=ORIENTED_EDGE('',*,*,#1739,.F.);
#1446=ORIENTED_EDGE('',*,*,#1941,.T.);
#1447=CARTESIAN_POINT('',(-1.18,10.4495879026213,0.999999999999999));
#1448=DIRECTION('',(1.0,-0.0,0.0));
#1449=DIRECTION('',(0.0,0.0,1.0));
#1450=ORIENTED_EDGE('',*,*,#1696,.T.);
#1451=ORIENTED_EDGE('',*,*,#1740,.F.);
#1452=ORIENTED_EDGE('',*,*,#1943,.T.);
#1453=ORIENTED_EDGE('',*,*,#1744,.T.);
#1454=CARTESIAN_POINT('',(-1.18,11.3354208439821,2.97));
#1455=DIRECTION('',(1.0,-0.0,0.0));
#1456=DIRECTION('',(0.0,0.0,1.0));
#1457=ORIENTED_EDGE('',*,*,#1692,.T.);
#1458=ORIENTED_EDGE('',*,*,#1741,.F.);
#1459=ORIENTED_EDGE('',*,*,#1698,.T.);
#1460=ORIENTED_EDGE('',*,*,#1743,.T.);
#1461=CARTESIAN_POINT('',(-1.18,12.2218274457748,1.00025805337392));
#1462=DIRECTION('',(1.0,-0.0,0.0));
#1463=DIRECTION('',(0.0,0.0,1.0));
#1464=ORIENTED_EDGE('',*,*,#1754,.F.);
#1465=ORIENTED_EDGE('',*,*,#1944,.T.);
#1466=ORIENTED_EDGE('',*,*,#1694,.T.);
#1467=ORIENTED_EDGE('',*,*,#1945,.T.);
#1468=CARTESIAN_POINT('',(-1.18,12.24,1.64));
#1469=DIRECTION('',(0.0,-0.241921895599666,0.970295726275997));
#1470=DIRECTION('',(-1.0,0.0,0.0));
#1471=ORIENTED_EDGE('',*,*,#1690,.F.);
#1472=ORIENTED_EDGE('',*,*,#1946,.T.);
#1473=ORIENTED_EDGE('',*,*,#1752,.T.);
#1474=ORIENTED_EDGE('',*,*,#1947,.T.);
#1475=CARTESIAN_POINT('',(-1.18,13.08,2.07056447761173));
#1476=DIRECTION('',(0.0,-0.241921895599668,-0.970295726275996));
#1477=DIRECTION('',(0.0,-0.970295726275996,0.241921895599668));
#1478=ORIENTED_EDGE('',*,*,#1688,.T.);
#1479=ORIENTED_EDGE('',*,*,#1751,.T.);
#1480=ORIENTED_EDGE('',*,*,#1686,.F.);
#1481=ORIENTED_EDGE('',*,*,#1733,.F.);
#1482=CARTESIAN_POINT('',(-1.18,12.0851699868162,1.65901073518335));
#1483=DIRECTION('',(1.0,-0.0,0.0));
#1484=DIRECTION('',(0.0,0.0,1.0));
#1485=ORIENTED_EDGE('',*,*,#1684,.T.);
#1486=ORIENTED_EDGE('',*,*,#1750,.T.);
#1487=ORIENTED_EDGE('',*,*,#1948,.F.);
#1488=ORIENTED_EDGE('',*,*,#1734,.F.);
#1489=CARTESIAN_POINT('',(-1.18,11.3354208439821,2.97));
#1490=DIRECTION('',(1.0,-0.0,0.0));
#1491=DIRECTION('',(0.0,0.0,1.0));
#1492=ORIENTED_EDGE('',*,*,#1749,.T.);
#1493=ORIENTED_EDGE('',*,*,#1942,.F.);
#1494=ORIENTED_EDGE('',*,*,#1735,.F.);
#1495=ORIENTED_EDGE('',*,*,#1948,.T.);
#1496=CARTESIAN_POINT('',(-1.18,10.4495879026213,0.999999999999999));
#1497=DIRECTION('',(1.0,-0.0,0.0));
#1498=DIRECTION('',(0.0,0.0,1.0));
#1499=ORIENTED_EDGE('',*,*,#1742,.F.);
#1500=ORIENTED_EDGE('',*,*,#1947,.F.);
#1501=ORIENTED_EDGE('',*,*,#1755,.T.);
#1502=ORIENTED_EDGE('',*,*,#1945,.F.);
#1503=CARTESIAN_POINT('',(-1.6,13.08,3.0));
#1504=DIRECTION('',(0.967372223380246,-0.253359391837682,0.0));
#1505=DIRECTION('',(0.0,0.0,-1.0));
#1506=ORIENTED_EDGE('',*,*,#1753,.F.);
#1507=ORIENTED_EDGE('',*,*,#1946,.F.);
#1508=ORIENTED_EDGE('',*,*,#1732,.T.);
#1509=ORIENTED_EDGE('',*,*,#1944,.F.);
#1510=CARTESIAN_POINT('',(-1.18,12.24,3.0));
#1511=DIRECTION('',(-0.967372223380246,-0.253359391837682,0.0));
#1512=DIRECTION('',(-0.253359391837682,0.967372223380246,0.0));
#1513=ORIENTED_EDGE('',*,*,#1731,.T.);
#1514=ORIENTED_EDGE('',*,*,#1934,.F.);
#1515=ORIENTED_EDGE('',*,*,#1936,.F.);
#1516=ORIENTED_EDGE('',*,*,#1931,.F.);
#1517=CARTESIAN_POINT('',(-1.4,2.44,3.0));
#1518=DIRECTION('',(-0.967372223380246,0.253359391837682,0.0));
#1519=DIRECTION('',(0.0,0.0,1.0));
#1520=ORIENTED_EDGE('',*,*,#1938,.T.);
#1521=ORIENTED_EDGE('',*,*,#1932,.F.);
#1522=ORIENTED_EDGE('',*,*,#1729,.F.);
#1523=ORIENTED_EDGE('',*,*,#1930,.F.);
#1524=CARTESIAN_POINT('',(-1.82,3.28,3.0));
#1525=DIRECTION('',(0.967372223380246,0.25335939183768,0.0));
#1526=DIRECTION('',(0.0,0.0,-1.0));
#1527=ORIENTED_EDGE('',*,*,#1702,.F.);
#1528=ORIENTED_EDGE('',*,*,#1949,.T.);
#1529=ORIENTED_EDGE('',*,*,#1950,.T.);
#1530=ORIENTED_EDGE('',*,*,#1951,.T.);
#1531=CARTESIAN_POINT('',(1.82,3.28,2.28));
#1532=DIRECTION('',(0.0,0.241921895599668,-0.970295726275996));
#1533=DIRECTION('',(-1.0,0.0,0.0));
#1534=ORIENTED_EDGE('',*,*,#1952,.F.);
#1535=ORIENTED_EDGE('',*,*,#1953,.T.);
#1536=ORIENTED_EDGE('',*,*,#1700,.T.);
#1537=ORIENTED_EDGE('',*,*,#1954,.T.);
#1538=CARTESIAN_POINT('',(1.82,2.44,1.84943552238827));
#1539=DIRECTION('',(0.0,0.241921895599668,0.970295726275996));
#1540=DIRECTION('',(1.0,-0.0,0.0));
#1541=ORIENTED_EDGE('',*,*,#1955,.F.);
#1542=ORIENTED_EDGE('',*,*,#1956,.T.);
#1543=ORIENTED_EDGE('',*,*,#1900,.T.);
#1544=ORIENTED_EDGE('',*,*,#1957,.T.);
#1545=CARTESIAN_POINT('',(1.82,10.3841670586392,2.92));
#1546=DIRECTION('',(1.0,0.0,0.0));
#1547=DIRECTION('',(0.0,1.0,0.0));
#1548=ORIENTED_EDGE('',*,*,#1958,.F.);
#1549=ORIENTED_EDGE('',*,*,#1959,.T.);
#1550=ORIENTED_EDGE('',*,*,#1960,.F.);
#1551=ORIENTED_EDGE('',*,*,#1902,.F.);
#1552=CARTESIAN_POINT('',(1.18,10.3841670586392,2.92));
#1553=DIRECTION('',(1.0,0.0,0.0));
#1554=DIRECTION('',(0.0,1.0,0.0));
#1555=ORIENTED_EDGE('',*,*,#1903,.F.);
#1556=ORIENTED_EDGE('',*,*,#1960,.T.);
#1557=ORIENTED_EDGE('',*,*,#1950,.F.);
#1558=ORIENTED_EDGE('',*,*,#1957,.F.);
#1559=CARTESIAN_POINT('',(1.82,6.6,2.28));
#1560=DIRECTION('',(0.0,0.0,-1.0));
#1561=DIRECTION('',(0.0,-1.0,0.0));
#1562=ORIENTED_EDGE('',*,*,#1901,.F.);
#1563=ORIENTED_EDGE('',*,*,#1956,.F.);
#1564=ORIENTED_EDGE('',*,*,#1952,.T.);
#1565=ORIENTED_EDGE('',*,*,#1958,.T.);
#1566=CARTESIAN_POINT('',(1.82,6.6,1.64));
#1567=DIRECTION('',(0.0,0.0,1.0));
#1568=DIRECTION('',(1.0,0.0,0.0));
#1569=ORIENTED_EDGE('',*,*,#1711,.F.);
#1570=ORIENTED_EDGE('',*,*,#1756,.T.);
#1571=ORIENTED_EDGE('',*,*,#1718,.T.);
#1572=ORIENTED_EDGE('',*,*,#1961,.F.);
#1573=CARTESIAN_POINT('',(1.82,6.6,1.64));
#1574=DIRECTION('',(0.0,0.0,1.0));
#1575=DIRECTION('',(1.0,0.0,0.0));
#1576=ORIENTED_EDGE('',*,*,#1720,.T.);
#1577=ORIENTED_EDGE('',*,*,#1757,.T.);
#1578=ORIENTED_EDGE('',*,*,#1709,.F.);
#1579=ORIENTED_EDGE('',*,*,#1962,.T.);
#1580=CARTESIAN_POINT('',(1.82,6.6,2.28));
#1581=DIRECTION('',(0.0,0.0,-1.0));
#1582=DIRECTION('',(0.0,-1.0,0.0));
#1583=ORIENTED_EDGE('',*,*,#1717,.T.);
#1584=ORIENTED_EDGE('',*,*,#1963,.F.);
#1585=ORIENTED_EDGE('',*,*,#1712,.F.);
#1586=ORIENTED_EDGE('',*,*,#1961,.T.);
#1587=CARTESIAN_POINT('',(1.82,10.3841670586392,2.92));
#1588=DIRECTION('',(1.0,-0.0,0.0));
#1589=DIRECTION('',(0.0,0.0,1.0));
#1590=ORIENTED_EDGE('',*,*,#1680,.T.);
#1591=ORIENTED_EDGE('',*,*,#1713,.F.);
#1592=ORIENTED_EDGE('',*,*,#1963,.T.);
#1593=ORIENTED_EDGE('',*,*,#1716,.T.);
#1594=CARTESIAN_POINT('',(1.82,11.27,0.95));
#1595=DIRECTION('',(1.0,-0.0,0.0));
#1596=DIRECTION('',(0.0,0.0,1.0));
#1597=ORIENTED_EDGE('',*,*,#1676,.T.);
#1598=ORIENTED_EDGE('',*,*,#1704,.F.);
#1599=ORIENTED_EDGE('',*,*,#1682,.T.);
#1600=ORIENTED_EDGE('',*,*,#1715,.T.);
#1601=CARTESIAN_POINT('',(1.82,12.1577543926805,2.89873555753226));
#1602=DIRECTION('',(1.0,-0.0,0.0));
#1603=DIRECTION('',(0.0,0.0,1.0));
#1604=ORIENTED_EDGE('',*,*,#1678,.T.);
#1605=ORIENTED_EDGE('',*,*,#1964,.T.);
#1606=ORIENTED_EDGE('',*,*,#1724,.F.);
#1607=ORIENTED_EDGE('',*,*,#1965,.T.);
#1608=CARTESIAN_POINT('',(1.82,12.24,1.64000000000001));
#1609=DIRECTION('',(0.0,-0.241921895599651,0.970295726276001));
#1610=DIRECTION('',(-1.0,0.0,0.0));
#1611=ORIENTED_EDGE('',*,*,#1726,.T.);
#1612=ORIENTED_EDGE('',*,*,#1966,.T.);
#1613=ORIENTED_EDGE('',*,*,#1674,.F.);
#1614=ORIENTED_EDGE('',*,*,#1967,.T.);
#1615=CARTESIAN_POINT('',(1.82,13.08,2.07056447761173));
#1616=DIRECTION('',(0.0,-0.241921895599652,-0.970295726276));
#1617=DIRECTION('',(0.0,-0.970295726276,0.241921895599652));
#1618=ORIENTED_EDGE('',*,*,#1672,.T.);
#1619=ORIENTED_EDGE('',*,*,#1723,.T.);
#1620=ORIENTED_EDGE('',*,*,#1670,.F.);
#1621=ORIENTED_EDGE('',*,*,#1706,.F.);
#1622=CARTESIAN_POINT('',(1.82,12.1654571256173,2.91564405124153));
#1623=DIRECTION('',(1.0,-0.0,0.0));
#1624=DIRECTION('',(0.0,0.0,1.0));
#1625=ORIENTED_EDGE('',*,*,#1668,.T.);
#1626=ORIENTED_EDGE('',*,*,#1722,.T.);
#1627=ORIENTED_EDGE('',*,*,#1968,.F.);
#1628=ORIENTED_EDGE('',*,*,#1707,.F.);
#1629=CARTESIAN_POINT('',(1.82,11.27,0.95));
#1630=DIRECTION('',(1.0,-0.0,0.0));
#1631=DIRECTION('',(0.0,0.0,1.0));
#1632=ORIENTED_EDGE('',*,*,#1721,.T.);
#1633=ORIENTED_EDGE('',*,*,#1962,.F.);
#1634=ORIENTED_EDGE('',*,*,#1708,.F.);
#1635=ORIENTED_EDGE('',*,*,#1968,.T.);
#1636=CARTESIAN_POINT('',(1.82,10.3841670586392,2.92));
#1637=DIRECTION('',(1.0,-0.0,0.0));
#1638=DIRECTION('',(0.0,0.0,1.0));
#1639=ORIENTED_EDGE('',*,*,#1727,.T.);
#1640=ORIENTED_EDGE('',*,*,#1967,.F.);
#1641=ORIENTED_EDGE('',*,*,#1705,.F.);
#1642=ORIENTED_EDGE('',*,*,#1965,.F.);
#1643=CARTESIAN_POINT('',(1.61056447761172,13.08,1.63));
#1644=DIRECTION('',(-0.970295726275996,-0.241921895599671,0.0));
#1645=DIRECTION('',(-0.241921895599671,0.970295726275996,0.0));
#1646=ORIENTED_EDGE('',*,*,#1714,.T.);
#1647=ORIENTED_EDGE('',*,*,#1966,.F.);
#1648=ORIENTED_EDGE('',*,*,#1725,.F.);
#1649=ORIENTED_EDGE('',*,*,#1964,.F.);
#1650=CARTESIAN_POINT('',(1.18,12.24,1.63));
#1651=DIRECTION('',(0.970295726275996,-0.241921895599671,0.0));
#1652=DIRECTION('',(0.0,0.0,-1.0));
#1653=ORIENTED_EDGE('',*,*,#1959,.F.);
#1654=ORIENTED_EDGE('',*,*,#1954,.F.);
#1655=ORIENTED_EDGE('',*,*,#1703,.T.);
#1656=ORIENTED_EDGE('',*,*,#1951,.F.);
#1657=CARTESIAN_POINT('',(1.38943552238827,2.44,1.63));
#1658=DIRECTION('',(0.970295726275996,0.241921895599671,0.0));
#1659=DIRECTION('',(0.0,0.0,-1.0));
#1660=ORIENTED_EDGE('',*,*,#1701,.F.);
#1661=ORIENTED_EDGE('',*,*,#1953,.F.);
#1662=ORIENTED_EDGE('',*,*,#1955,.T.);
#1663=ORIENTED_EDGE('',*,*,#1949,.F.);
#1664=CARTESIAN_POINT('',(1.82,3.28,1.63));
#1665=DIRECTION('',(-0.970295726275996,0.241921895599671,0.0));
#1666=DIRECTION('',(0.0,0.0,1.0));
#1667=COLOUR_RGB('',0.596063196659088,0.666666686534882,0.686259269714355);
#1668=EDGE_CURVE('',#1969,#1970,#1971,.T.);
#1669=EDGE_CURVE('',#1972,#1969,#1973,.T.);
#1670=EDGE_CURVE('',#1972,#1974,#1975,.T.);
#1671=EDGE_CURVE('',#1974,#1970,#1976,.T.);
#1672=EDGE_CURVE('',#1977,#1978,#1979,.T.);
#1673=EDGE_CURVE('',#1980,#1977,#1981,.T.);
#1674=EDGE_CURVE('',#1980,#1982,#1983,.T.);
#1675=EDGE_CURVE('',#1982,#1978,#1984,.T.);
#1676=EDGE_CURVE('',#1985,#1986,#1987,.T.);
#1677=EDGE_CURVE('',#1985,#1988,#1989,.T.);
#1678=EDGE_CURVE('',#1990,#1988,#1991,.T.);
#1679=EDGE_CURVE('',#1986,#1990,#1992,.T.);
#1680=EDGE_CURVE('',#1993,#1994,#1995,.T.);
#1681=EDGE_CURVE('',#1993,#1996,#1997,.T.);
#1682=EDGE_CURVE('',#1998,#1996,#1999,.T.);
#1683=EDGE_CURVE('',#1994,#1998,#2000,.T.);
#1684=EDGE_CURVE('',#2001,#2002,#2003,.T.);
#1685=EDGE_CURVE('',#2004,#2001,#2005,.T.);
#1686=EDGE_CURVE('',#2004,#2006,#2007,.T.);
#1687=EDGE_CURVE('',#2006,#2002,#2008,.T.);
#1688=EDGE_CURVE('',#2009,#2010,#2011,.T.);
#1689=EDGE_CURVE('',#2012,#2009,#2013,.T.);
#1690=EDGE_CURVE('',#2012,#2014,#2015,.T.);
#1691=EDGE_CURVE('',#2014,#2010,#2016,.T.);
#1692=EDGE_CURVE('',#2017,#2018,#2019,.T.);
#1693=EDGE_CURVE('',#2017,#2020,#2021,.T.);
#1694=EDGE_CURVE('',#2022,#2020,#2023,.T.);
#1695=EDGE_CURVE('',#2018,#2022,#2024,.T.);
#1696=EDGE_CURVE('',#2025,#2026,#2027,.T.);
#1697=EDGE_CURVE('',#2025,#2028,#2029,.T.);
#1698=EDGE_CURVE('',#2030,#2028,#2031,.T.);
#1699=EDGE_CURVE('',#2026,#2030,#2032,.T.);
#1700=EDGE_CURVE('',#2033,#2034,#2035,.T.);
#1701=EDGE_CURVE('',#2033,#2036,#2037,.T.);
#1702=EDGE_CURVE('',#2036,#2038,#2039,.T.);
#1703=EDGE_CURVE('',#2034,#2038,#2040,.T.);
#1704=EDGE_CURVE('',#1998,#1986,#2041,.T.);
#1705=EDGE_CURVE('',#1990,#1980,#2042,.T.);
#1706=EDGE_CURVE('',#1977,#1972,#2043,.T.);
#1707=EDGE_CURVE('',#1969,#2044,#2045,.T.);
#1708=EDGE_CURVE('',#2044,#2046,#2047,.T.);
#1709=EDGE_CURVE('',#2046,#2048,#2049,.T.);
#1710=EDGE_CURVE('',#2050,#2048,#2051,.T.);
#1711=EDGE_CURVE('',#2050,#2052,#2053,.T.);
#1712=EDGE_CURVE('',#2052,#2054,#2055,.T.);
#1713=EDGE_CURVE('',#2054,#1994,#2056,.T.);
#1714=EDGE_CURVE('',#1988,#1982,#2057,.T.);
#1715=EDGE_CURVE('',#1996,#1985,#2058,.T.);
#1716=EDGE_CURVE('',#2059,#1993,#2060,.T.);
#1717=EDGE_CURVE('',#2061,#2059,#2062,.T.);
#1718=EDGE_CURVE('',#2063,#2061,#2064,.T.);
#1719=EDGE_CURVE('',#2063,#2065,#2066,.T.);
#1720=EDGE_CURVE('',#2067,#2065,#2068,.T.);
#1721=EDGE_CURVE('',#2069,#2067,#2070,.T.);
#1722=EDGE_CURVE('',#1970,#2069,#2071,.T.);
#1723=EDGE_CURVE('',#1978,#1974,#2072,.T.);
#1724=EDGE_CURVE('',#2073,#2074,#2075,.T.);
#1725=EDGE_CURVE('',#2074,#2076,#2077,.T.);
#1726=EDGE_CURVE('',#2078,#2076,#2079,.T.);
#1727=EDGE_CURVE('',#2073,#2078,#2080,.T.);
#1728=EDGE_CURVE('',#2081,#2082,#2083,.T.);
#1729=EDGE_CURVE('',#2082,#2084,#2085,.T.);
#1730=EDGE_CURVE('',#2086,#2084,#2087,.T.);
#1731=EDGE_CURVE('',#2081,#2086,#2088,.T.);
#1732=EDGE_CURVE('',#2012,#2022,#2089,.T.);
#1733=EDGE_CURVE('',#2009,#2004,#2090,.T.);
#1734=EDGE_CURVE('',#2001,#2091,#2092,.T.);
#1735=EDGE_CURVE('',#2091,#2093,#2094,.T.);
#1736=EDGE_CURVE('',#2093,#2095,#2096,.T.);
#1737=EDGE_CURVE('',#2095,#2097,#2098,.T.);
#1738=EDGE_CURVE('',#2097,#2099,#2100,.T.);
#1739=EDGE_CURVE('',#2099,#2101,#2102,.T.);
#1740=EDGE_CURVE('',#2101,#2026,#2103,.T.);
#1741=EDGE_CURVE('',#2030,#2018,#2104,.T.);
#1742=EDGE_CURVE('',#2014,#2020,#2105,.T.);
#1743=EDGE_CURVE('',#2028,#2017,#2106,.T.);
#1744=EDGE_CURVE('',#2107,#2025,#2108,.T.);
#1745=EDGE_CURVE('',#2109,#2107,#2110,.T.);
#1746=EDGE_CURVE('',#2111,#2109,#2112,.T.);
#1747=EDGE_CURVE('',#2113,#2111,#2114,.T.);
#1748=EDGE_CURVE('',#2115,#2113,#2116,.T.);
#1749=EDGE_CURVE('',#2117,#2115,#2118,.T.);
#1750=EDGE_CURVE('',#2002,#2117,#2119,.T.);
#1751=EDGE_CURVE('',#2010,#2006,#2120,.T.);
#1752=EDGE_CURVE('',#2121,#2122,#2123,.T.);
#1753=EDGE_CURVE('',#2121,#2124,#2125,.T.);
#1754=EDGE_CURVE('',#2124,#2126,#2127,.T.);
#1755=EDGE_CURVE('',#2122,#2126,#2128,.T.);
#1756=EDGE_CURVE('',#2050,#2063,#2129,.T.);
#1757=EDGE_CURVE('',#2065,#2048,#2130,.T.);
#1758=EDGE_CURVE('',#2131,#2132,#2133,.T.);
#1759=EDGE_CURVE('',#2131,#2134,#2135,.T.);
#1760=EDGE_CURVE('',#2136,#2134,#2137,.T.);
#1761=EDGE_CURVE('',#2138,#2136,#2139,.T.);
#1762=EDGE_CURVE('',#2140,#2138,#2141,.T.);
#1763=EDGE_CURVE('',#2142,#2140,#2143,.T.);
#1764=EDGE_CURVE('',#2142,#2144,#2145,.T.);
#1765=EDGE_CURVE('',#2132,#2144,#2146,.T.);
#1766=EDGE_CURVE('',#2113,#2095,#2147,.T.);
#1767=EDGE_CURVE('',#2097,#2111,#2148,.T.);
#1768=EDGE_CURVE('',#2149,#2150,#2151,.T.);
#1769=EDGE_CURVE('',#2152,#2149,#2153,.T.);
#1770=EDGE_CURVE('',#2154,#2152,#2155,.T.);
#1771=EDGE_CURVE('',#2150,#2154,#2156,.T.);
#1772=EDGE_CURVE('',#2157,#2158,#2159,.T.);
#1773=EDGE_CURVE('',#2158,#2160,#2161,.T.);
#1774=EDGE_CURVE('',#2160,#2162,#2163,.T.);
#1775=EDGE_CURVE('',#2157,#2162,#2164,.T.);
#1776=EDGE_CURVE('',#2165,#2166,#2167,.T.);
#1777=EDGE_CURVE('',#2166,#2168,#2169,.T.);
#1778=EDGE_CURVE('',#2168,#2165,#2170,.T.);
#1779=EDGE_CURVE('',#2171,#2165,#2172,.T.);
#1780=EDGE_CURVE('',#2165,#2173,#2174,.T.);
#1781=EDGE_CURVE('',#2171,#2173,#2175,.T.);
#1782=EDGE_CURVE('',#2176,#2166,#2177,.T.);
#1783=EDGE_CURVE('',#2166,#2171,#2178,.T.);
#1784=EDGE_CURVE('',#2171,#2131,#2179,.T.);
#1785=EDGE_CURVE('',#2132,#2176,#2180,.T.);
#1786=EDGE_CURVE('',#2181,#2182,#2183,.T.);
#1787=EDGE_CURVE('',#2181,#2184,#2185,.T.);
#1788=EDGE_CURVE('',#2184,#2140,#2186,.T.);
#1789=EDGE_CURVE('',#2138,#2187,#2188,.T.);
#1790=EDGE_CURVE('',#2187,#2189,#2190,.T.);
#1791=EDGE_CURVE('',#2189,#2191,#2192,.T.);
#1792=EDGE_CURVE('',#2191,#2193,#2194,.T.);
#1793=EDGE_CURVE('',#2193,#2195,#2196,.T.);
#1794=EDGE_CURVE('',#2195,#2182,#2197,.T.);
#1795=EDGE_CURVE('',#2198,#2199,#2200,.T.);
#1796=EDGE_CURVE('',#2201,#2198,#2202,.T.);
#1797=EDGE_CURVE('',#2144,#2201,#2203,.T.);
#1798=EDGE_CURVE('',#2199,#2142,#2204,.T.);
#1799=EDGE_CURVE('',#2205,#2206,#2207,.T.);
#1800=EDGE_CURVE('',#2208,#2205,#2209,.T.);
#1801=EDGE_CURVE('',#2208,#2210,#2211,.T.);
#1802=EDGE_CURVE('',#2210,#2206,#2212,.T.);
#1803=EDGE_CURVE('',#2213,#2214,#2215,.T.);
#1804=EDGE_CURVE('',#2216,#2213,#2217,.T.);
#1805=EDGE_CURVE('',#2216,#2218,#2219,.T.);
#1806=EDGE_CURVE('',#2218,#2214,#2220,.T.);
#1807=EDGE_CURVE('',#2221,#2222,#2223,.T.);
#1808=EDGE_CURVE('',#2222,#2224,#2225,.T.);
#1809=EDGE_CURVE('',#2224,#2226,#2227,.T.);
#1810=EDGE_CURVE('',#2226,#2228,#2229,.T.);
#1811=EDGE_CURVE('',#2228,#2132,#2230,.T.);
#1812=EDGE_CURVE('',#2144,#2231,#2232,.T.);
#1813=EDGE_CURVE('',#2233,#2231,#2234,.T.);
#1814=EDGE_CURVE('',#2235,#2233,#2236,.T.);
#1815=EDGE_CURVE('',#2235,#2237,#2238,.T.);
#1816=EDGE_CURVE('',#2237,#2239,#2240,.T.);
#1817=EDGE_CURVE('',#2221,#2239,#2241,.T.);
#1818=EDGE_CURVE('',#2242,#2243,#2244,.T.);
#1819=EDGE_CURVE('',#2243,#2245,#2246,.T.);
#1820=EDGE_CURVE('',#2247,#2245,#2248,.T.);
#1821=EDGE_CURVE('',#2247,#2242,#2249,.T.);
#1822=EDGE_CURVE('',#2250,#2251,#2252,.T.);
#1823=EDGE_CURVE('',#2251,#2189,#2253,.T.);
#1824=EDGE_CURVE('',#2187,#2250,#2254,.T.);
#1825=EDGE_CURVE('',#2255,#2256,#2257,.T.);
#1826=EDGE_CURVE('',#2258,#2255,#2259,.T.);
#1827=EDGE_CURVE('',#2260,#2258,#2261,.T.);
#1828=EDGE_CURVE('',#2256,#2260,#2262,.T.);
#1829=EDGE_CURVE('',#2263,#2264,#2265,.T.);
#1830=EDGE_CURVE('',#2266,#2263,#2267,.T.);
#1831=EDGE_CURVE('',#2268,#2266,#2269,.T.);
#1832=EDGE_CURVE('',#2270,#2268,#2271,.T.);
#1833=EDGE_CURVE('',#2264,#2270,#2272,.T.);
#1834=EDGE_CURVE('',#2250,#2247,#2273,.T.);
#1835=EDGE_CURVE('',#2245,#2274,#2275,.T.);
#1836=EDGE_CURVE('',#2274,#2221,#2276,.T.);
#1837=EDGE_CURVE('',#2277,#2239,#2278,.T.);
#1838=EDGE_CURVE('',#2251,#2277,#2279,.T.);
#1839=EDGE_CURVE('',#2136,#2242,#2280,.T.);
#1840=EDGE_CURVE('',#2281,#2282,#2283,.T.);
#1841=EDGE_CURVE('',#2282,#2284,#2285,.T.);
#1842=EDGE_CURVE('',#2286,#2284,#2287,.T.);
#1843=EDGE_CURVE('',#2281,#2286,#2288,.T.);
#1844=EDGE_CURVE('',#2168,#2173,#2289,.T.);
#1845=EDGE_CURVE('',#2168,#2290,#2291,.T.);
#1846=EDGE_CURVE('',#2292,#2290,#2293,.T.);
#1847=EDGE_CURVE('',#2292,#2294,#2295,.T.);
#1848=EDGE_CURVE('',#2296,#2294,#2297,.T.);
#1849=EDGE_CURVE('',#2243,#2296,#2298,.T.);
#1850=EDGE_CURVE('',#2173,#2134,#2299,.T.);
#1851=EDGE_CURVE('',#2300,#2282,#2301,.T.);
#1852=EDGE_CURVE('',#2302,#2281,#2303,.T.);
#1853=EDGE_CURVE('',#2302,#2300,#2304,.T.);
#1854=EDGE_CURVE('',#2284,#2305,#2306,.T.);
#1855=EDGE_CURVE('',#2307,#2305,#2308,.T.);
#1856=EDGE_CURVE('',#2286,#2307,#2309,.T.);
#1857=EDGE_CURVE('',#2305,#2300,#2310,.T.);
#1858=EDGE_CURVE('',#2307,#2302,#2311,.T.);
#1859=EDGE_CURVE('',#2294,#2222,#2312,.T.);
#1860=EDGE_CURVE('',#2296,#2274,#2313,.T.);
#1861=EDGE_CURVE('',#2237,#2193,#2314,.T.);
#1862=EDGE_CURVE('',#2277,#2191,#2315,.T.);
#1863=EDGE_CURVE('',#2277,#2316,#2317,.T.);
#1864=EDGE_CURVE('',#2316,#2318,#2319,.T.);
#1865=EDGE_CURVE('',#2251,#2318,#2320,.T.);
#1866=EDGE_CURVE('',#2316,#2191,#2321,.T.);
#1867=EDGE_CURVE('',#2318,#2189,#2322,.T.);
#1868=EDGE_CURVE('',#2323,#2274,#2324,.T.);
#1869=EDGE_CURVE('',#2325,#2245,#2326,.T.);
#1870=EDGE_CURVE('',#2323,#2325,#2327,.T.);
#1871=EDGE_CURVE('',#2296,#2323,#2328,.T.);
#1872=EDGE_CURVE('',#2243,#2325,#2329,.T.);
#1873=EDGE_CURVE('',#2233,#2330,#2331,.T.);
#1874=EDGE_CURVE('',#2332,#2330,#2333,.T.);
#1875=EDGE_CURVE('',#2235,#2332,#2334,.T.);
#1876=EDGE_CURVE('',#2195,#2235,#2335,.T.);
#1877=EDGE_CURVE('',#2182,#2332,#2336,.T.);
#1878=EDGE_CURVE('',#2231,#2337,#2338,.T.);
#1879=EDGE_CURVE('',#2330,#2337,#2339,.T.);
#1880=EDGE_CURVE('',#2201,#2337,#2340,.T.);
#1881=EDGE_CURVE('',#2198,#2181,#2341,.T.);
#1882=EDGE_CURVE('',#2226,#2342,#2343,.T.);
#1883=EDGE_CURVE('',#2342,#2344,#2345,.T.);
#1884=EDGE_CURVE('',#2228,#2344,#2346,.T.);
#1885=EDGE_CURVE('',#2224,#2347,#2348,.T.);
#1886=EDGE_CURVE('',#2347,#2342,#2349,.T.);
#1887=EDGE_CURVE('',#2224,#2292,#2350,.T.);
#1888=EDGE_CURVE('',#2290,#2347,#2351,.T.);
#1889=EDGE_CURVE('',#2176,#2344,#2352,.T.);
#1890=EDGE_CURVE('',#2264,#2353,#2354,.T.);
#1891=EDGE_CURVE('',#2353,#2355,#2356,.T.);
#1892=EDGE_CURVE('',#2263,#2355,#2357,.T.);
#1893=EDGE_CURVE('',#2270,#2358,#2359,.T.);
#1894=EDGE_CURVE('',#2358,#2353,#2360,.T.);
#1895=EDGE_CURVE('',#2268,#2361,#2362,.T.);
#1896=EDGE_CURVE('',#2361,#2358,#2363,.T.);
#1897=EDGE_CURVE('',#2266,#2364,#2365,.T.);
#1898=EDGE_CURVE('',#2364,#2361,#2366,.T.);
#1899=EDGE_CURVE('',#2355,#2364,#2367,.T.);
#1900=EDGE_CURVE('',#2368,#2369,#2370,.T.);
#1901=EDGE_CURVE('',#2368,#2371,#2372,.T.);
#1902=EDGE_CURVE('',#2371,#2373,#2374,.T.);
#1903=EDGE_CURVE('',#2373,#2369,#2375,.T.);
#1904=EDGE_CURVE('',#2256,#2149,#2376,.T.);
#1905=EDGE_CURVE('',#2255,#2150,#2377,.T.);
#1906=EDGE_CURVE('',#2260,#2152,#2378,.T.);
#1907=EDGE_CURVE('',#2258,#2154,#2379,.T.);
#1908=EDGE_CURVE('',#2380,#2216,#2381,.T.);
#1909=EDGE_CURVE('',#2382,#2213,#2383,.T.);
#1910=EDGE_CURVE('',#2380,#2382,#2384,.T.);
#1911=EDGE_CURVE('',#2385,#2380,#2386,.T.);
#1912=EDGE_CURVE('',#2387,#2382,#2388,.T.);
#1913=EDGE_CURVE('',#2385,#2387,#2389,.T.);
#1914=EDGE_CURVE('',#2218,#2385,#2390,.T.);
#1915=EDGE_CURVE('',#2214,#2387,#2391,.T.);
#1916=EDGE_CURVE('',#2392,#2208,#2393,.T.);
#1917=EDGE_CURVE('',#2394,#2205,#2395,.T.);
#1918=EDGE_CURVE('',#2392,#2394,#2396,.T.);
#1919=EDGE_CURVE('',#2397,#2392,#2398,.T.);
#1920=EDGE_CURVE('',#2399,#2394,#2400,.T.);
#1921=EDGE_CURVE('',#2397,#2399,#2401,.T.);
#1922=EDGE_CURVE('',#2210,#2397,#2402,.T.);
#1923=EDGE_CURVE('',#2206,#2399,#2403,.T.);
#1924=EDGE_CURVE('',#2404,#2198,#2405,.T.);
#1925=EDGE_CURVE('',#2181,#2404,#2406,.T.);
#1926=EDGE_CURVE('',#2199,#2404,#2407,.T.);
#1927=EDGE_CURVE('',#2199,#2184,#2408,.T.);
#1928=EDGE_CURVE('',#2404,#2184,#2409,.T.);
#1929=EDGE_CURVE('',#2410,#2411,#2412,.T.);
#1930=EDGE_CURVE('',#2411,#2082,#2413,.T.);
#1931=EDGE_CURVE('',#2081,#2410,#2414,.T.);
#1932=EDGE_CURVE('',#2084,#2415,#2416,.T.);
#1933=EDGE_CURVE('',#2417,#2415,#2418,.T.);
#1934=EDGE_CURVE('',#2417,#2086,#2419,.T.);
#1935=EDGE_CURVE('',#2158,#2410,#2420,.T.);
#1936=EDGE_CURVE('',#2410,#2417,#2421,.T.);
#1937=EDGE_CURVE('',#2417,#2160,#2422,.T.);
#1938=EDGE_CURVE('',#2411,#2415,#2423,.T.);
#1939=EDGE_CURVE('',#2157,#2411,#2424,.T.);
#1940=EDGE_CURVE('',#2415,#2162,#2425,.T.);
#1941=EDGE_CURVE('',#2099,#2109,#2426,.T.);
#1942=EDGE_CURVE('',#2093,#2115,#2427,.T.);
#1943=EDGE_CURVE('',#2101,#2107,#2428,.T.);
#1944=EDGE_CURVE('',#2124,#2022,#2429,.T.);
#1945=EDGE_CURVE('',#2020,#2126,#2430,.T.);
#1946=EDGE_CURVE('',#2012,#2121,#2431,.T.);
#1947=EDGE_CURVE('',#2122,#2014,#2432,.T.);
#1948=EDGE_CURVE('',#2091,#2117,#2433,.T.);
#1949=EDGE_CURVE('',#2036,#2434,#2435,.T.);
#1950=EDGE_CURVE('',#2434,#2436,#2437,.T.);
#1951=EDGE_CURVE('',#2436,#2038,#2438,.T.);
#1952=EDGE_CURVE('',#2439,#2440,#2441,.T.);
#1953=EDGE_CURVE('',#2439,#2033,#2442,.T.);
#1954=EDGE_CURVE('',#2034,#2440,#2443,.T.);
#1955=EDGE_CURVE('',#2439,#2434,#2444,.T.);
#1956=EDGE_CURVE('',#2439,#2368,#2445,.T.);
#1957=EDGE_CURVE('',#2369,#2434,#2446,.T.);
#1958=EDGE_CURVE('',#2440,#2371,#2447,.T.);
#1959=EDGE_CURVE('',#2440,#2436,#2448,.T.);
#1960=EDGE_CURVE('',#2373,#2436,#2449,.T.);
#1961=EDGE_CURVE('',#2052,#2061,#2450,.T.);
#1962=EDGE_CURVE('',#2046,#2067,#2451,.T.);
#1963=EDGE_CURVE('',#2054,#2059,#2452,.T.);
#1964=EDGE_CURVE('',#1988,#2074,#2453,.T.);
#1965=EDGE_CURVE('',#2073,#1990,#2454,.T.);
#1966=EDGE_CURVE('',#2076,#1982,#2455,.T.);
#1967=EDGE_CURVE('',#1980,#2078,#2456,.T.);
#1968=EDGE_CURVE('',#2044,#2069,#2457,.T.);
#1969=VERTEX_POINT('',#2458);
#1970=VERTEX_POINT('',#2459);
#1971=LINE('',#2460,#2461);
#1972=VERTEX_POINT('',#2462);
#1973=CIRCLE('',#2463,1.52);
#1974=VERTEX_POINT('',#2464);
#1975=LINE('',#2465,#2466);
#1976=CIRCLE('',#2467,1.52);
#1977=VERTEX_POINT('',#2468);
#1978=VERTEX_POINT('',#2469);
#1979=LINE('',#2470,#2471);
#1980=VERTEX_POINT('',#2472);
#1981=CIRCLE('',#2473,0.64);
#1982=VERTEX_POINT('',#2474);
#1983=LINE('',#2475,#2476);
#1984=CIRCLE('',#2477,0.64);
#1985=VERTEX_POINT('',#2478);
#1986=VERTEX_POINT('',#2479);
#1987=LINE('',#2480,#2481);
#1988=VERTEX_POINT('',#2482);
#1989=CIRCLE('',#2483,1.26141965408795);
#1990=VERTEX_POINT('',#2484);
#1991=LINE('',#2485,#2486);
#1992=CIRCLE('',#2487,1.26141965408795);
#1993=VERTEX_POINT('',#2488);
#1994=VERTEX_POINT('',#2489);
#1995=LINE('',#2490,#2491);
#1996=VERTEX_POINT('',#2492);
#1997=CIRCLE('',#2493,0.88);
#1998=VERTEX_POINT('',#2494);
#1999=LINE('',#2495,#2496);
#2000=CIRCLE('',#2497,0.88);
#2001=VERTEX_POINT('',#2498);
#2002=VERTEX_POINT('',#2499);
#2003=LINE('',#2500,#2501);
#2004=VERTEX_POINT('',#2502);
#2005=CIRCLE('',#2503,0.88);
#2006=VERTEX_POINT('',#2504);
#2007=LINE('',#2505,#2506);
#2008=CIRCLE('',#2507,0.88);
#2009=VERTEX_POINT('',#2508);
#2010=VERTEX_POINT('',#2509);
#2011=LINE('',#2510,#2511);
#2012=VERTEX_POINT('',#2512);
#2013=CIRCLE('',#2513,0.640000000000009);
#2014=VERTEX_POINT('',#2514);
#2015=LINE('',#2515,#2516);
#2016=CIRCLE('',#2517,0.640000000000009);
#2017=VERTEX_POINT('',#2518);
#2018=VERTEX_POINT('',#2519);
#2019=LINE('',#2520,#2521);
#2020=VERTEX_POINT('',#2522);
#2021=CIRCLE('',#2523,0.639999999999999);
#2022=VERTEX_POINT('',#2524);
#2023=LINE('',#2525,#2526);
#2024=CIRCLE('',#2527,0.639999999999999);
#2025=VERTEX_POINT('',#2528);
#2026=VERTEX_POINT('',#2529);
#2027=LINE('',#2530,#2531);
#2028=VERTEX_POINT('',#2532);
#2029=CIRCLE('',#2533,1.52);
#2030=VERTEX_POINT('',#2534);
#2031=LINE('',#2535,#2536);
#2032=CIRCLE('',#2537,1.52);
#2033=VERTEX_POINT('',#2538);
#2034=VERTEX_POINT('',#2539);
#2035=LINE('',#2540,#2541);
#2036=VERTEX_POINT('',#2542);
#2037=LINE('',#2543,#2544);
#2038=VERTEX_POINT('',#2545);
#2039=LINE('',#2546,#2547);
#2040=LINE('',#2548,#2549);
#2041=CIRCLE('',#2550,1.26141965408795);
#2042=LINE('',#2551,#2552);
#2043=CIRCLE('',#2553,0.64);
#2044=VERTEX_POINT('',#2554);
#2045=CIRCLE('',#2555,1.52);
#2046=VERTEX_POINT('',#2556);
#2047=CIRCLE('',#2557,0.64);
#2048=VERTEX_POINT('',#2558);
#2049=LINE('',#2559,#2560);
#2050=VERTEX_POINT('',#2561);
#2051=LINE('',#2562,#2563);
#2052=VERTEX_POINT('',#2564);
#2053=LINE('',#2565,#2566);
#2054=VERTEX_POINT('',#2567);
#2055=CIRCLE('',#2568,1.28);
#2056=CIRCLE('',#2569,0.88);
#2057=LINE('',#2570,#2571);
#2058=CIRCLE('',#2572,1.26141965408795);
#2059=VERTEX_POINT('',#2573);
#2060=CIRCLE('',#2574,0.88);
#2061=VERTEX_POINT('',#2575);
#2062=CIRCLE('',#2576,1.28);
#2063=VERTEX_POINT('',#2577);
#2064=LINE('',#2578,#2579);
#2065=VERTEX_POINT('',#2580);
#2066=LINE('',#2581,#2582);
#2067=VERTEX_POINT('',#2583);
#2068=LINE('',#2584,#2585);
#2069=VERTEX_POINT('',#2586);
#2070=CIRCLE('',#2587,0.64);
#2071=CIRCLE('',#2588,1.52);
#2072=CIRCLE('',#2589,0.64);
#2073=VERTEX_POINT('',#2590);
#2074=VERTEX_POINT('',#2591);
#2075=LINE('',#2592,#2593);
#2076=VERTEX_POINT('',#2594);
#2077=LINE('',#2595,#2596);
#2078=VERTEX_POINT('',#2597);
#2079=LINE('',#2598,#2599);
#2080=LINE('',#2600,#2601);
#2081=VERTEX_POINT('',#2602);
#2082=VERTEX_POINT('',#2603);
#2083=LINE('',#2604,#2605);
#2084=VERTEX_POINT('',#2606);
#2085=LINE('',#2607,#2608);
#2086=VERTEX_POINT('',#2609);
#2087=LINE('',#2610,#2611);
#2088=LINE('',#2612,#2613);
#2089=LINE('',#2614,#2615);
#2090=CIRCLE('',#2616,0.640000000000009);
#2091=VERTEX_POINT('',#2617);
#2092=CIRCLE('',#2618,0.88);
#2093=VERTEX_POINT('',#2619);
#2094=CIRCLE('',#2620,1.28);
#2095=VERTEX_POINT('',#2621);
#2096=LINE('',#2622,#2623);
#2097=VERTEX_POINT('',#2624);
#2098=LINE('',#2625,#2626);
#2099=VERTEX_POINT('',#2627);
#2100=LINE('',#2628,#2629);
#2101=VERTEX_POINT('',#2630);
#2102=CIRCLE('',#2631,0.64);
#2103=CIRCLE('',#2632,1.52);
#2104=CIRCLE('',#2633,0.639999999999999);
#2105=LINE('',#2634,#2635);
#2106=CIRCLE('',#2636,0.639999999999999);
#2107=VERTEX_POINT('',#2637);
#2108=CIRCLE('',#2638,1.52);
#2109=VERTEX_POINT('',#2639);
#2110=CIRCLE('',#2640,0.64);
#2111=VERTEX_POINT('',#2641);
#2112=LINE('',#2642,#2643);
#2113=VERTEX_POINT('',#2644);
#2114=LINE('',#2645,#2646);
#2115=VERTEX_POINT('',#2647);
#2116=LINE('',#2648,#2649);
#2117=VERTEX_POINT('',#2650);
#2118=CIRCLE('',#2651,1.28);
#2119=CIRCLE('',#2652,0.88);
#2120=CIRCLE('',#2653,0.640000000000009);
#2121=VERTEX_POINT('',#2654);
#2122=VERTEX_POINT('',#2655);
#2123=LINE('',#2656,#2657);
#2124=VERTEX_POINT('',#2658);
#2125=LINE('',#2659,#2660);
#2126=VERTEX_POINT('',#2661);
#2127=LINE('',#2662,#2663);
#2128=LINE('',#2664,#2665);
#2129=LINE('',#2666,#2667);
#2130=LINE('',#2668,#2669);
#2131=VERTEX_POINT('',#2670);
#2132=VERTEX_POINT('',#2671);
#2133=LINE('',#2672,#2673);
#2134=VERTEX_POINT('',#2674);
#2135=LINE('',#2675,#2676);
#2136=VERTEX_POINT('',#2677);
#2137=LINE('',#2678,#2679);
#2138=VERTEX_POINT('',#2680);
#2139=LINE('',#2681,#2682);
#2140=VERTEX_POINT('',#2683);
#2141=LINE('',#2684,#2685);
#2142=VERTEX_POINT('',#2686);
#2143=LINE('',#2687,#2688);
#2144=VERTEX_POINT('',#2689);
#2145=LINE('',#2690,#2691);
#2146=LINE('',#2692,#2693);
#2147=LINE('',#2694,#2695);
#2148=LINE('',#2696,#2697);
#2149=VERTEX_POINT('',#2698);
#2150=VERTEX_POINT('',#2699);
#2151=LINE('',#2700,#2701);
#2152=VERTEX_POINT('',#2702);
#2153=LINE('',#2703,#2704);
#2154=VERTEX_POINT('',#2705);
#2155=LINE('',#2706,#2707);
#2156=LINE('',#2708,#2709);
#2157=VERTEX_POINT('',#2710);
#2158=VERTEX_POINT('',#2711);
#2159=LINE('',#2712,#2713);
#2160=VERTEX_POINT('',#2714);
#2161=LINE('',#2715,#2716);
#2162=VERTEX_POINT('',#2717);
#2163=LINE('',#2718,#2719);
#2164=LINE('',#2720,#2721);
#2165=VERTEX_POINT('',#2722);
#2166=VERTEX_POINT('',#2723);
#2167=LINE('',#2724,#2725);
#2168=VERTEX_POINT('',#2726);
#2169=LINE('',#2727,#2728);
#2170=LINE('',#2729,#2730);
#2171=VERTEX_POINT('',#2731);
#2172=LINE('',#2732,#2733);
#2173=VERTEX_POINT('',#2734);
#2174=LINE('',#2735,#2736);
#2175=LINE('',#2737,#2738);
#2176=VERTEX_POINT('',#2739);
#2177=LINE('',#2740,#2741);
#2178=LINE('',#2742,#2743);
#2179=LINE('',#2744,#2745);
#2180=LINE('',#2746,#2747);
#2181=VERTEX_POINT('',#2748);
#2182=VERTEX_POINT('',#2749);
#2183=LINE('',#2750,#2751);
#2184=VERTEX_POINT('',#2752);
#2185=LINE('',#2753,#2754);
#2186=LINE('',#2755,#2756);
#2187=VERTEX_POINT('',#2757);
#2188=LINE('',#2758,#2759);
#2189=VERTEX_POINT('',#2760);
#2190=LINE('',#2761,#2762);
#2191=VERTEX_POINT('',#2763);
#2192=LINE('',#2764,#2765);
#2193=VERTEX_POINT('',#2766);
#2194=LINE('',#2767,#2768);
#2195=VERTEX_POINT('',#2769);
#2196=LINE('',#2770,#2771);
#2197=LINE('',#2772,#2773);
#2198=VERTEX_POINT('',#2774);
#2199=VERTEX_POINT('',#2775);
#2200=LINE('',#2776,#2777);
#2201=VERTEX_POINT('',#2778);
#2202=LINE('',#2779,#2780);
#2203=LINE('',#2781,#2782);
#2204=LINE('',#2783,#2784);
#2205=VERTEX_POINT('',#2785);
#2206=VERTEX_POINT('',#2786);
#2207=LINE('',#2787,#2788);
#2208=VERTEX_POINT('',#2789);
#2209=LINE('',#2790,#2791);
#2210=VERTEX_POINT('',#2792);
#2211=LINE('',#2793,#2794);
#2212=LINE('',#2795,#2796);
#2213=VERTEX_POINT('',#2797);
#2214=VERTEX_POINT('',#2798);
#2215=LINE('',#2799,#2800);
#2216=VERTEX_POINT('',#2801);
#2217=LINE('',#2802,#2803);
#2218=VERTEX_POINT('',#2804);
#2219=LINE('',#2805,#2806);
#2220=LINE('',#2807,#2808);
#2221=VERTEX_POINT('',#2809);
#2222=VERTEX_POINT('',#2810);
#2223=LINE('',#2811,#2812);
#2224=VERTEX_POINT('',#2813);
#2225=LINE('',#2814,#2815);
#2226=VERTEX_POINT('',#2816);
#2227=LINE('',#2817,#2818);
#2228=VERTEX_POINT('',#2819);
#2229=LINE('',#2820,#2821);
#2230=LINE('',#2822,#2823);
#2231=VERTEX_POINT('',#2824);
#2232=LINE('',#2825,#2826);
#2233=VERTEX_POINT('',#2827);
#2234=LINE('',#2828,#2829);
#2235=VERTEX_POINT('',#2830);
#2236=LINE('',#2831,#2832);
#2237=VERTEX_POINT('',#2833);
#2238=LINE('',#2834,#2835);
#2239=VERTEX_POINT('',#2836);
#2240=LINE('',#2837,#2838);
#2241=LINE('',#2839,#2840);
#2242=VERTEX_POINT('',#2841);
#2243=VERTEX_POINT('',#2842);
#2244=LINE('',#2843,#2844);
#2245=VERTEX_POINT('',#2845);
#2246=LINE('',#2846,#2847);
#2247=VERTEX_POINT('',#2848);
#2248=LINE('',#2849,#2850);
#2249=LINE('',#2851,#2852);
#2250=VERTEX_POINT('',#2853);
#2251=VERTEX_POINT('',#2854);
#2252=LINE('',#2855,#2856);
#2253=LINE('',#2857,#2858);
#2254=LINE('',#2859,#2860);
#2255=VERTEX_POINT('',#2861);
#2256=VERTEX_POINT('',#2862);
#2257=LINE('',#2863,#2864);
#2258=VERTEX_POINT('',#2865);
#2259=LINE('',#2866,#2867);
#2260=VERTEX_POINT('',#2868);
#2261=LINE('',#2869,#2870);
#2262=LINE('',#2871,#2872);
#2263=VERTEX_POINT('',#2873);
#2264=VERTEX_POINT('',#2874);
#2265=LINE('',#2875,#2876);
#2266=VERTEX_POINT('',#2877);
#2267=LINE('',#2878,#2879);
#2268=VERTEX_POINT('',#2880);
#2269=LINE('',#2881,#2882);
#2270=VERTEX_POINT('',#2883);
#2271=LINE('',#2884,#2885);
#2272=LINE('',#2886,#2887);
#2273=LINE('',#2888,#2889);
#2274=VERTEX_POINT('',#2890);
#2275=LINE('',#2891,#2892);
#2276=LINE('',#2893,#2894);
#2277=VERTEX_POINT('',#2895);
#2278=LINE('',#2896,#2897);
#2279=LINE('',#2898,#2899);
#2280=LINE('',#2900,#2901);
#2281=VERTEX_POINT('',#2902);
#2282=VERTEX_POINT('',#2903);
#2283=LINE('',#2904,#2905);
#2284=VERTEX_POINT('',#2906);
#2285=LINE('',#2907,#2908);
#2286=VERTEX_POINT('',#2909);
#2287=LINE('',#2910,#2911);
#2288=LINE('',#2912,#2913);
#2289=LINE('',#2914,#2915);
#2290=VERTEX_POINT('',#2916);
#2291=LINE('',#2917,#2918);
#2292=VERTEX_POINT('',#2919);
#2293=LINE('',#2920,#2921);
#2294=VERTEX_POINT('',#2922);
#2295=LINE('',#2923,#2924);
#2296=VERTEX_POINT('',#2925);
#2297=LINE('',#2926,#2927);
#2298=LINE('',#2928,#2929);
#2299=LINE('',#2930,#2931);
#2300=VERTEX_POINT('',#2932);
#2301=LINE('',#2933,#2934);
#2302=VERTEX_POINT('',#2935);
#2303=LINE('',#2936,#2937);
#2304=LINE('',#2938,#2939);
#2305=VERTEX_POINT('',#2940);
#2306=LINE('',#2941,#2942);
#2307=VERTEX_POINT('',#2943);
#2308=LINE('',#2944,#2945);
#2309=LINE('',#2946,#2947);
#2310=LINE('',#2948,#2949);
#2311=LINE('',#2950,#2951);
#2312=LINE('',#2952,#2953);
#2313=LINE('',#2954,#2955);
#2314=LINE('',#2956,#2957);
#2315=LINE('',#2958,#2959);
#2316=VERTEX_POINT('',#2960);
#2317=LINE('',#2961,#2962);
#2318=VERTEX_POINT('',#2963);
#2319=LINE('',#2964,#2965);
#2320=LINE('',#2966,#2967);
#2321=LINE('',#2968,#2969);
#2322=LINE('',#2970,#2971);
#2323=VERTEX_POINT('',#2972);
#2324=LINE('',#2973,#2974);
#2325=VERTEX_POINT('',#2975);
#2326=LINE('',#2976,#2977);
#2327=LINE('',#2978,#2979);
#2328=LINE('',#2980,#2981);
#2329=LINE('',#2982,#2983);
#2330=VERTEX_POINT('',#2984);
#2331=LINE('',#2985,#2986);
#2332=VERTEX_POINT('',#2987);
#2333=LINE('',#2988,#2989);
#2334=LINE('',#2990,#2991);
#2335=LINE('',#2992,#2993);
#2336=LINE('',#2994,#2995);
#2337=VERTEX_POINT('',#2996);
#2338=LINE('',#2997,#2998);
#2339=LINE('',#2999,#3000);
#2340=LINE('',#3001,#3002);
#2341=LINE('',#3003,#3004);
#2342=VERTEX_POINT('',#3005);
#2343=LINE('',#3006,#3007);
#2344=VERTEX_POINT('',#3008);
#2345=LINE('',#3009,#3010);
#2346=LINE('',#3011,#3012);
#2347=VERTEX_POINT('',#3013);
#2348=LINE('',#3014,#3015);
#2349=LINE('',#3016,#3017);
#2350=LINE('',#3018,#3019);
#2351=LINE('',#3020,#3021);
#2352=LINE('',#3022,#3023);
#2353=VERTEX_POINT('',#3024);
#2354=LINE('',#3025,#3026);
#2355=VERTEX_POINT('',#3027);
#2356=LINE('',#3028,#3029);
#2357=LINE('',#3030,#3031);
#2358=VERTEX_POINT('',#3032);
#2359=LINE('',#3033,#3034);
#2360=LINE('',#3035,#3036);
#2361=VERTEX_POINT('',#3037);
#2362=LINE('',#3038,#3039);
#2363=LINE('',#3040,#3041);
#2364=VERTEX_POINT('',#3042);
#2365=LINE('',#3043,#3044);
#2366=LINE('',#3045,#3046);
#2367=LINE('',#3047,#3048);
#2368=VERTEX_POINT('',#3049);
#2369=VERTEX_POINT('',#3050);
#2370=LINE('',#3051,#3052);
#2371=VERTEX_POINT('',#3053);
#2372=LINE('',#3054,#3055);
#2373=VERTEX_POINT('',#3056);
#2374=LINE('',#3057,#3058);
#2375=LINE('',#3059,#3060);
#2376=LINE('',#3061,#3062);
#2377=LINE('',#3063,#3064);
#2378=LINE('',#3065,#3066);
#2379=LINE('',#3067,#3068);
#2380=VERTEX_POINT('',#3069);
#2381=LINE('',#3070,#3071);
#2382=VERTEX_POINT('',#3072);
#2383=LINE('',#3073,#3074);
#2384=LINE('',#3075,#3076);
#2385=VERTEX_POINT('',#3077);
#2386=LINE('',#3078,#3079);
#2387=VERTEX_POINT('',#3080);
#2388=LINE('',#3081,#3082);
#2389=LINE('',#3083,#3084);
#2390=LINE('',#3085,#3086);
#2391=LINE('',#3087,#3088);
#2392=VERTEX_POINT('',#3089);
#2393=LINE('',#3090,#3091);
#2394=VERTEX_POINT('',#3092);
#2395=LINE('',#3093,#3094);
#2396=LINE('',#3095,#3096);
#2397=VERTEX_POINT('',#3097);
#2398=LINE('',#3098,#3099);
#2399=VERTEX_POINT('',#3100);
#2400=LINE('',#3101,#3102);
#2401=LINE('',#3103,#3104);
#2402=LINE('',#3105,#3106);
#2403=LINE('',#3107,#3108);
#2404=VERTEX_POINT('',#3109);
#2405=LINE('',#3110,#3111);
#2406=LINE('',#3112,#3113);
#2407=LINE('',#3114,#3115);
#2408=LINE('',#3116,#3117);
#2409=LINE('',#3118,#3119);
#2410=VERTEX_POINT('',#3120);
#2411=VERTEX_POINT('',#3121);
#2412=LINE('',#3122,#3123);
#2413=LINE('',#3124,#3125);
#2414=LINE('',#3126,#3127);
#2415=VERTEX_POINT('',#3128);
#2416=LINE('',#3129,#3130);
#2417=VERTEX_POINT('',#3131);
#2418=LINE('',#3132,#3133);
#2419=LINE('',#3134,#3135);
#2420=LINE('',#3136,#3137);
#2421=LINE('',#3138,#3139);
#2422=LINE('',#3140,#3141);
#2423=LINE('',#3142,#3143);
#2424=LINE('',#3144,#3145);
#2425=LINE('',#3146,#3147);
#2426=LINE('',#3148,#3149);
#2427=LINE('',#3150,#3151);
#2428=LINE('',#3152,#3153);
#2429=LINE('',#3154,#3155);
#2430=LINE('',#3156,#3157);
#2431=LINE('',#3158,#3159);
#2432=LINE('',#3160,#3161);
#2433=LINE('',#3162,#3163);
#2434=VERTEX_POINT('',#3164);
#2435=LINE('',#3165,#3166);
#2436=VERTEX_POINT('',#3167);
#2437=LINE('',#3168,#3169);
#2438=LINE('',#3170,#3171);
#2439=VERTEX_POINT('',#3172);
#2440=VERTEX_POINT('',#3173);
#2441=LINE('',#3174,#3175);
#2442=LINE('',#3176,#3177);
#2443=LINE('',#3178,#3179);
#2444=LINE('',#3180,#3181);
#2445=LINE('',#3182,#3183);
#2446=LINE('',#3184,#3185);
#2447=LINE('',#3186,#3187);
#2448=LINE('',#3188,#3189);
#2449=LINE('',#3190,#3191);
#2450=LINE('',#3192,#3193);
#2451=LINE('',#3194,#3195);
#2452=LINE('',#3196,#3197);
#2453=LINE('',#3198,#3199);
#2454=LINE('',#3200,#3201);
#2455=LINE('',#3202,#3203);
#2456=LINE('',#3204,#3205);
#2457=LINE('',#3206,#3207);
#2458=CARTESIAN_POINT('',(1.82,11.27,2.47));
#2459=CARTESIAN_POINT('',(1.18,11.27,2.47));
#2460=CARTESIAN_POINT('',(1.5,11.27,2.47));
#2461=VECTOR('',#3208,1.0);
#2462=CARTESIAN_POINT('',(1.82,11.9001364958048,2.33323099902182));
#2463=AXIS2_PLACEMENT_3D('',#3209,#3210,#3211);
#2464=CARTESIAN_POINT('',(1.18,11.9001364958048,2.33323099902182));
#2465=CARTESIAN_POINT('',(1.82,11.9001364958048,2.33323099902182));
#2466=VECTOR('',#3212,1.0);
#2467=AXIS2_PLACEMENT_3D('',#3213,#3214,#3215);
#2468=CARTESIAN_POINT('',(1.82,12.1654571256173,2.27564405124153));
#2469=CARTESIAN_POINT('',(1.18,12.1654571256173,2.27564405124153));
#2470=CARTESIAN_POINT('',(1.5,12.1654571256173,2.27564405124153));
#2471=VECTOR('',#3216,1.0);
#2472=CARTESIAN_POINT('',(1.82,12.24,2.28));
#2473=AXIS2_PLACEMENT_3D('',#3217,#3218,#3219);
#2474=CARTESIAN_POINT('',(1.18,12.24,2.27999999999999));
#2475=CARTESIAN_POINT('',(1.82,12.24,2.27999999999999));
#2476=VECTOR('',#3220,1.0);
#2477=AXIS2_PLACEMENT_3D('',#3221,#3222,#3223);
#2478=CARTESIAN_POINT('',(1.18,12.1577543926805,1.63731590344431));
#2479=CARTESIAN_POINT('',(1.82,12.1577543926805,1.63731590344431));
#2480=CARTESIAN_POINT('',(1.5,12.1577543926805,1.63731590344431));
#2481=VECTOR('',#3224,1.0);
#2482=CARTESIAN_POINT('',(1.18,12.24,1.64000000000002));
#2483=AXIS2_PLACEMENT_3D('',#3225,#3226,#3227);
#2484=CARTESIAN_POINT('',(1.82,12.24,1.64000000000002));
#2485=CARTESIAN_POINT('',(1.82,12.24,1.64000000000001));
#2486=VECTOR('',#3228,1.0);
#2487=AXIS2_PLACEMENT_3D('',#3229,#3230,#3231);
#2488=CARTESIAN_POINT('',(1.18,11.27,1.83));
#2489=CARTESIAN_POINT('',(1.82,11.27,1.83));
#2490=CARTESIAN_POINT('',(1.5,11.27,1.83));
#2491=VECTOR('',#3232,1.0);
#2492=CARTESIAN_POINT('',(1.18,11.6348158659922,1.75081794680211));
#2493=AXIS2_PLACEMENT_3D('',#3233,#3234,#3235);
#2494=CARTESIAN_POINT('',(1.82,11.6348158659922,1.75081794680211));
#2495=CARTESIAN_POINT('',(1.82,11.6348158659922,1.75081794680211));
#2496=VECTOR('',#3236,1.0);
#2497=AXIS2_PLACEMENT_3D('',#3237,#3238,#3239);
#2498=CARTESIAN_POINT('',(-1.18,11.3354208439821,2.09));
#2499=CARTESIAN_POINT('',(-1.82,11.3354208439821,2.09));
#2500=CARTESIAN_POINT('',(-1.5,11.3354208439821,2.09));
#2501=VECTOR('',#3240,1.0);
#2502=CARTESIAN_POINT('',(-1.18,11.6965494595273,2.16751254026345));
#2503=AXIS2_PLACEMENT_3D('',#3241,#3242,#3243);
#2504=CARTESIAN_POINT('',(-1.82,11.6965494595273,2.16751254026345));
#2505=CARTESIAN_POINT('',(-1.18,11.6965494595273,2.16751254026345));
#2506=VECTOR('',#3244,1.0);
#2507=AXIS2_PLACEMENT_3D('',#3245,#3246,#3247);
#2508=CARTESIAN_POINT('',(-1.18,12.0851699868162,2.29901073518336));
#2509=CARTESIAN_POINT('',(-1.82,12.0851699868162,2.29901073518336));
#2510=CARTESIAN_POINT('',(-1.5,12.0851699868162,2.29901073518336));
#2511=VECTOR('',#3248,1.0);
#2512=CARTESIAN_POINT('',(-1.18,12.24,2.28));
#2513=AXIS2_PLACEMENT_3D('',#3249,#3250,#3251);
#2514=CARTESIAN_POINT('',(-1.82,12.24,2.28));
#2515=CARTESIAN_POINT('',(-1.18,12.24,2.28));
#2516=VECTOR('',#3252,1.0);
#2517=AXIS2_PLACEMENT_3D('',#3253,#3254,#3255);
#2518=CARTESIAN_POINT('',(-1.82,12.2218274457748,1.64025805337392));
#2519=CARTESIAN_POINT('',(-1.18,12.2218274457748,1.64025805337392));
#2520=CARTESIAN_POINT('',(-1.5,12.2218274457748,1.64025805337392));
#2521=VECTOR('',#3256,1.0);
#2522=CARTESIAN_POINT('',(-1.82,12.24,1.64));
#2523=AXIS2_PLACEMENT_3D('',#3257,#3258,#3259);
#2524=CARTESIAN_POINT('',(-1.18,12.24,1.64));
#2525=CARTESIAN_POINT('',(-1.18,12.24,1.64));
#2526=VECTOR('',#3260,1.0);
#2527=AXIS2_PLACEMENT_3D('',#3261,#3262,#3263);
#2528=CARTESIAN_POINT('',(-1.82,11.3354208439821,1.45));
#2529=CARTESIAN_POINT('',(-1.18,11.3354208439821,1.45));
#2530=CARTESIAN_POINT('',(-1.5,11.3354208439821,1.45));
#2531=VECTOR('',#3264,1.0);
#2532=CARTESIAN_POINT('',(-1.82,11.9591884526511,1.58388529681868));
#2533=AXIS2_PLACEMENT_3D('',#3265,#3266,#3267);
#2534=CARTESIAN_POINT('',(-1.18,11.9591884526511,1.58388529681868));
#2535=CARTESIAN_POINT('',(-1.18,11.9591884526511,1.58388529681868));
#2536=VECTOR('',#3268,1.0);
#2537=AXIS2_PLACEMENT_3D('',#3269,#3270,#3271);
#2538=CARTESIAN_POINT('',(1.61056447761172,2.44,1.84943552238827));
#2539=CARTESIAN_POINT('',(1.38943552238827,2.44,1.84943552238827));
#2540=CARTESIAN_POINT('',(1.82,2.44,1.84943552238827));
#2541=VECTOR('',#3272,1.0);
#2542=CARTESIAN_POINT('',(1.61056447761172,2.44,2.07056447761173));
#2543=CARTESIAN_POINT('',(1.61056447761172,2.44,1.63));
#2544=VECTOR('',#3273,1.0);
#2545=CARTESIAN_POINT('',(1.38943552238827,2.44,2.07056447761173));
#2546=CARTESIAN_POINT('',(1.82,2.44,2.07056447761173));
#2547=VECTOR('',#3274,1.0);
#2548=CARTESIAN_POINT('',(1.38943552238827,2.44,1.63));
#2549=VECTOR('',#3275,1.0);
#2550=AXIS2_PLACEMENT_3D('',#3276,#3277,#3278);
#2551=CARTESIAN_POINT('',(1.82,12.24,1.63));
#2552=VECTOR('',#3279,1.0);
#2553=AXIS2_PLACEMENT_3D('',#3280,#3281,#3282);
#2554=CARTESIAN_POINT('',(1.82,10.6466360783016,2.3362962962963));
#2555=AXIS2_PLACEMENT_3D('',#3283,#3284,#3285);
#2556=CARTESIAN_POINT('',(1.82,10.3841670586392,2.28));
#2557=AXIS2_PLACEMENT_3D('',#3286,#3287,#3288);
#2558=CARTESIAN_POINT('',(1.82,9.9,2.28));
#2559=CARTESIAN_POINT('',(1.82,10.3841670586392,2.28));
#2560=VECTOR('',#3289,1.0);
#2561=CARTESIAN_POINT('',(1.82,9.9,1.64));
#2562=CARTESIAN_POINT('',(1.82,9.9,0.0));
#2563=VECTOR('',#3290,1.0);
#2564=CARTESIAN_POINT('',(1.82,10.3841670586392,1.64));
#2565=CARTESIAN_POINT('',(1.82,3.28,1.64));
#2566=VECTOR('',#3291,1.0);
#2567=CARTESIAN_POINT('',(1.82,10.9091050979641,1.75259259259259));
#2568=AXIS2_PLACEMENT_3D('',#3292,#3293,#3294);
#2569=AXIS2_PLACEMENT_3D('',#3295,#3296,#3297);
#2570=CARTESIAN_POINT('',(1.18,12.24,1.63));
#2571=VECTOR('',#3298,1.0);
#2572=AXIS2_PLACEMENT_3D('',#3299,#3300,#3301);
#2573=CARTESIAN_POINT('',(1.18,10.9091050979641,1.75259259259259));
#2574=AXIS2_PLACEMENT_3D('',#3302,#3303,#3304);
#2575=CARTESIAN_POINT('',(1.18,10.3841670586392,1.64));
#2576=AXIS2_PLACEMENT_3D('',#3305,#3306,#3307);
#2577=CARTESIAN_POINT('',(1.18,9.9,1.64));
#2578=CARTESIAN_POINT('',(1.18,6.6,1.64));
#2579=VECTOR('',#3308,1.0);
#2580=CARTESIAN_POINT('',(1.18,9.9,2.28));
#2581=CARTESIAN_POINT('',(1.18,9.9,0.0));
#2582=VECTOR('',#3309,1.0);
#2583=CARTESIAN_POINT('',(1.18,10.3841670586392,2.28));
#2584=CARTESIAN_POINT('',(1.18,6.6,2.28));
#2585=VECTOR('',#3310,1.0);
#2586=CARTESIAN_POINT('',(1.18,10.6466360783016,2.3362962962963));
#2587=AXIS2_PLACEMENT_3D('',#3311,#3312,#3313);
#2588=AXIS2_PLACEMENT_3D('',#3314,#3315,#3316);
#2589=AXIS2_PLACEMENT_3D('',#3317,#3318,#3319);
#2590=CARTESIAN_POINT('',(1.61056447761172,13.08,1.84943552238827));
#2591=CARTESIAN_POINT('',(1.38943552238827,13.08,1.84943552238827));
#2592=CARTESIAN_POINT('',(1.82,13.08,1.84943552238827));
#2593=VECTOR('',#3320,1.0);
#2594=CARTESIAN_POINT('',(1.38943552238827,13.08,2.07056447761173));
#2595=CARTESIAN_POINT('',(1.38943552238827,13.08,1.63));
#2596=VECTOR('',#3321,1.0);
#2597=CARTESIAN_POINT('',(1.61056447761172,13.08,2.07056447761173));
#2598=CARTESIAN_POINT('',(1.82,13.08,2.07056447761173));
#2599=VECTOR('',#3322,1.0);
#2600=CARTESIAN_POINT('',(1.61056447761172,13.08,1.63));
#2601=VECTOR('',#3323,1.0);
#2602=CARTESIAN_POINT('',(-1.4,2.44,2.07056447761173));
#2603=CARTESIAN_POINT('',(-1.6,2.44,2.07056447761173));
#2604=CARTESIAN_POINT('',(-1.18,2.44,2.07056447761173));
#2605=VECTOR('',#3324,1.0);
#2606=CARTESIAN_POINT('',(-1.6,2.44,1.84943552238827));
#2607=CARTESIAN_POINT('',(-1.6,2.44,3.0));
#2608=VECTOR('',#3325,1.0);
#2609=CARTESIAN_POINT('',(-1.4,2.44,1.84943552238827));
#2610=CARTESIAN_POINT('',(-1.18,2.44,1.84943552238827));
#2611=VECTOR('',#3326,1.0);
#2612=CARTESIAN_POINT('',(-1.4,2.44,3.0));
#2613=VECTOR('',#3327,1.0);
#2614=CARTESIAN_POINT('',(-1.18,12.24,3.0));
#2615=VECTOR('',#3328,1.0);
#2616=AXIS2_PLACEMENT_3D('',#3329,#3330,#3331);
#2617=CARTESIAN_POINT('',(-1.18,10.9745259419462,2.16740740740741));
#2618=AXIS2_PLACEMENT_3D('',#3332,#3333,#3334);
#2619=CARTESIAN_POINT('',(-1.18,10.4495879026213,2.28));
#2620=AXIS2_PLACEMENT_3D('',#3335,#3336,#3337);
#2621=CARTESIAN_POINT('',(-1.18,9.9,2.28));
#2622=CARTESIAN_POINT('',(-1.18,10.4495879026213,2.28));
#2623=VECTOR('',#3338,1.0);
#2624=CARTESIAN_POINT('',(-1.18,9.9,1.64));
#2625=CARTESIAN_POINT('',(-1.18,9.9,0.0));
#2626=VECTOR('',#3339,1.0);
#2627=CARTESIAN_POINT('',(-1.18,10.4495879026213,1.64));
#2628=CARTESIAN_POINT('',(-1.18,3.28,1.64));
#2629=VECTOR('',#3340,1.0);
#2630=CARTESIAN_POINT('',(-1.18,10.7120569222838,1.5837037037037));
#2631=AXIS2_PLACEMENT_3D('',#3341,#3342,#3343);
#2632=AXIS2_PLACEMENT_3D('',#3344,#3345,#3346);
#2633=AXIS2_PLACEMENT_3D('',#3347,#3348,#3349);
#2634=CARTESIAN_POINT('',(-1.82,12.24,3.0));
#2635=VECTOR('',#3350,1.0);
#2636=AXIS2_PLACEMENT_3D('',#3351,#3352,#3353);
#2637=CARTESIAN_POINT('',(-1.82,10.7120569222838,1.5837037037037));
#2638=AXIS2_PLACEMENT_3D('',#3354,#3355,#3356);
#2639=CARTESIAN_POINT('',(-1.82,10.4495879026213,1.64));
#2640=AXIS2_PLACEMENT_3D('',#3357,#3358,#3359);
#2641=CARTESIAN_POINT('',(-1.82,9.9,1.64));
#2642=CARTESIAN_POINT('',(-1.82,6.6,1.64));
#2643=VECTOR('',#3360,1.0);
#2644=CARTESIAN_POINT('',(-1.82,9.9,2.28));
#2645=CARTESIAN_POINT('',(-1.82,9.9,0.0));
#2646=VECTOR('',#3361,1.0);
#2647=CARTESIAN_POINT('',(-1.82,10.4495879026213,2.28));
#2648=CARTESIAN_POINT('',(-1.82,6.6,2.28));
#2649=VECTOR('',#3362,1.0);
#2650=CARTESIAN_POINT('',(-1.82,10.9745259419462,2.16740740740741));
#2651=AXIS2_PLACEMENT_3D('',#3363,#3364,#3365);
#2652=AXIS2_PLACEMENT_3D('',#3366,#3367,#3368);
#2653=AXIS2_PLACEMENT_3D('',#3369,#3370,#3371);
#2654=CARTESIAN_POINT('',(-1.4,13.08,2.07056447761173));
#2655=CARTESIAN_POINT('',(-1.6,13.08,2.07056447761173));
#2656=CARTESIAN_POINT('',(-1.18,13.08,2.07056447761173));
#2657=VECTOR('',#3372,1.0);
#2658=CARTESIAN_POINT('',(-1.4,13.08,1.84943552238827));
#2659=CARTESIAN_POINT('',(-1.4,13.08,3.0));
#2660=VECTOR('',#3373,1.0);
#2661=CARTESIAN_POINT('',(-1.6,13.08,1.84943552238827));
#2662=CARTESIAN_POINT('',(-1.18,13.08,1.84943552238827));
#2663=VECTOR('',#3374,1.0);
#2664=CARTESIAN_POINT('',(-1.6,13.08,3.0));
#2665=VECTOR('',#3375,1.0);
#2666=CARTESIAN_POINT('',(0.0,9.9,1.64));
#2667=VECTOR('',#3376,1.0);
#2668=CARTESIAN_POINT('',(0.0,9.9,2.28));
#2669=VECTOR('',#3377,1.0);
#2670=CARTESIAN_POINT('',(-4.185,9.9,0.39));
#2671=CARTESIAN_POINT('',(-4.185,9.9,2.71050543121376E-16));
#2672=CARTESIAN_POINT('',(-4.185,9.9,0.39));
#2673=VECTOR('',#3378,1.0);
#2674=CARTESIAN_POINT('',(-4.825,9.9,0.39));
#2675=CARTESIAN_POINT('',(-4.185,9.9,0.39));
#2676=VECTOR('',#3379,1.0);
#2677=CARTESIAN_POINT('',(-4.825,9.9,3.86));
#2678=CARTESIAN_POINT('',(-4.825,9.9,3.86));
#2679=VECTOR('',#3380,1.0);
#2680=CARTESIAN_POINT('',(4.825,9.9,3.86));
#2681=CARTESIAN_POINT('',(4.825,9.9,3.86));
#2682=VECTOR('',#3381,1.0);
#2683=CARTESIAN_POINT('',(4.825,9.9,0.39));
#2684=CARTESIAN_POINT('',(4.825,9.9,4.44089209850063E-16));
#2685=VECTOR('',#3382,1.0);
#2686=CARTESIAN_POINT('',(4.185,9.9,0.39));
#2687=CARTESIAN_POINT('',(4.185,9.9,0.39));
#2688=VECTOR('',#3383,1.0);
#2689=CARTESIAN_POINT('',(4.185,9.9,2.95446040294299E-16));
#2690=CARTESIAN_POINT('',(4.185,9.9,0.39));
#2691=VECTOR('',#3384,1.0);
#2692=CARTESIAN_POINT('',(-4.825,9.9,2.95446040294299E-16));
#2693=VECTOR('',#3385,1.0);
#2694=CARTESIAN_POINT('',(0.0,9.9,2.28));
#2695=VECTOR('',#3386,1.0);
#2696=CARTESIAN_POINT('',(0.0,9.9,1.64));
#2697=VECTOR('',#3387,1.0);
#2698=CARTESIAN_POINT('',(-2.77,6.6,0.66000000000002));
#2699=CARTESIAN_POINT('',(-2.77,6.6,3.20000000000002));
#2700=CARTESIAN_POINT('',(-2.77,6.6,3.20000000000002));
#2701=VECTOR('',#3388,1.0);
#2702=CARTESIAN_POINT('',(-0.230000000000001,6.6,0.660000000000021));
#2703=CARTESIAN_POINT('',(-2.77,6.6,0.66000000000002));
#2704=VECTOR('',#3389,1.0);
#2705=CARTESIAN_POINT('',(-0.230000000000001,6.6,3.20000000000002));
#2706=CARTESIAN_POINT('',(-0.230000000000001,6.6,0.660000000000021));
#2707=VECTOR('',#3390,1.0);
#2708=CARTESIAN_POINT('',(-0.230000000000001,6.6,3.20000000000002));
#2709=VECTOR('',#3391,1.0);
#2710=CARTESIAN_POINT('',(-1.82,6.6,2.28));
#2711=CARTESIAN_POINT('',(-1.18,6.6,2.28));
#2712=CARTESIAN_POINT('',(0.0,6.6,2.28));
#2713=VECTOR('',#3392,1.0);
#2714=CARTESIAN_POINT('',(-1.18,6.6,1.64));
#2715=CARTESIAN_POINT('',(-1.18,6.6,0.0));
#2716=VECTOR('',#3393,1.0);
#2717=CARTESIAN_POINT('',(-1.82,6.6,1.64));
#2718=CARTESIAN_POINT('',(0.0,6.6,1.64));
#2719=VECTOR('',#3394,1.0);
#2720=CARTESIAN_POINT('',(-1.82,6.6,0.0));
#2721=VECTOR('',#3395,1.0);
#2722=CARTESIAN_POINT('',(-4.505,11.3,-0.0600000000000051));
#2723=CARTESIAN_POINT('',(-4.185,11.05,-0.51));
#2724=CARTESIAN_POINT('',(-4.185,11.05,-0.51));
#2725=VECTOR('',#3396,1.0);
#2726=CARTESIAN_POINT('',(-4.825,11.05,-0.51));
#2727=CARTESIAN_POINT('',(-4.185,11.05,-0.51));
#2728=VECTOR('',#3397,1.0);
#2729=CARTESIAN_POINT('',(-4.64662221012521,11.1893576483397,-0.259156232988568));
#2730=VECTOR('',#3398,1.0);
#2731=CARTESIAN_POINT('',(-4.185,11.05,0.39));
#2732=CARTESIAN_POINT('',(-4.4158111050626,11.2303211758302,0.0654218835057154));
#2733=VECTOR('',#3399,1.0);
#2734=CARTESIAN_POINT('',(-4.825,11.05,0.39));
#2735=CARTESIAN_POINT('',(-4.4158111050626,11.3696788241698,-0.185421883505716));
#2736=VECTOR('',#3400,1.0);
#2737=CARTESIAN_POINT('',(-4.185,11.05,0.39));
#2738=VECTOR('',#3401,1.0);
#2739=CARTESIAN_POINT('',(-4.185,9.9,-0.51));
#2740=CARTESIAN_POINT('',(-4.185,9.9,-0.51));
#2741=VECTOR('',#3402,1.0);
#2742=CARTESIAN_POINT('',(-4.185,11.05,-8.52));
#2743=VECTOR('',#3403,1.0);
#2744=CARTESIAN_POINT('',(-4.185,11.05,0.39));
#2745=VECTOR('',#3404,1.0);
#2746=CARTESIAN_POINT('',(-4.185,9.9,0.39));
#2747=VECTOR('',#3405,1.0);
#2748=CARTESIAN_POINT('',(4.825,11.05,-0.51));
#2749=CARTESIAN_POINT('',(4.825,8.05,-0.51));
#2750=CARTESIAN_POINT('',(4.825,8.05,-0.51));
#2751=VECTOR('',#3406,1.0);
#2752=CARTESIAN_POINT('',(4.825,11.05,0.39));
#2753=CARTESIAN_POINT('',(4.825,11.05,-8.52));
#2754=VECTOR('',#3407,1.0);
#2755=CARTESIAN_POINT('',(4.825,11.05,0.39));
#2756=VECTOR('',#3408,1.0);
#2757=CARTESIAN_POINT('',(4.825,1.6684550296319,3.86));
#2758=CARTESIAN_POINT('',(4.825,9.9,3.86));
#2759=VECTOR('',#3409,1.0);
#2760=CARTESIAN_POINT('',(4.825,1.6684550296319,3.22));
#2761=CARTESIAN_POINT('',(4.825,1.6684550296319,38.214));
#2762=VECTOR('',#3410,1.0);
#2763=CARTESIAN_POINT('',(4.825,1.6684550296319,1.15));
#2764=CARTESIAN_POINT('',(4.825,1.6684550296319,3.22));
#2765=VECTOR('',#3411,1.0);
#2766=CARTESIAN_POINT('',(4.825,1.6684550296319,0.509999999999997));
#2767=CARTESIAN_POINT('',(4.825,1.6684550296319,38.214));
#2768=VECTOR('',#3412,1.0);
#2769=CARTESIAN_POINT('',(4.825,8.05,0.51));
#2770=CARTESIAN_POINT('',(4.825,9.9,0.51));
#2771=VECTOR('',#3413,1.0);
#2772=CARTESIAN_POINT('',(4.825,8.05,-0.51));
#2773=VECTOR('',#3414,1.0);
#2774=CARTESIAN_POINT('',(4.185,11.05,-0.51));
#2775=CARTESIAN_POINT('',(4.185,11.05,0.39));
#2776=CARTESIAN_POINT('',(4.185,11.05,-8.52));
#2777=VECTOR('',#3415,1.0);
#2778=CARTESIAN_POINT('',(4.185,9.9,-0.51));
#2779=CARTESIAN_POINT('',(4.185,9.9,-0.51));
#2780=VECTOR('',#3416,1.0);
#2781=CARTESIAN_POINT('',(4.185,9.9,0.39));
#2782=VECTOR('',#3417,1.0);
#2783=CARTESIAN_POINT('',(4.185,11.05,0.39));
#2784=VECTOR('',#3418,1.0);
#2785=CARTESIAN_POINT('',(0.474999999999999,8.06,2.95446040294299E-16));
#2786=CARTESIAN_POINT('',(1.475,8.06,2.95446040294299E-16));
#2787=CARTESIAN_POINT('',(1.475,8.06,1.43862244005029E-15));
#2788=VECTOR('',#3419,1.0);
#2789=CARTESIAN_POINT('',(0.475,1.6,1.55431223447522E-15));
#2790=CARTESIAN_POINT('',(0.475,8.06,1.55431223447522E-15));
#2791=VECTOR('',#3420,1.0);
#2792=CARTESIAN_POINT('',(1.475,1.6,2.95446040294299E-16));
#2793=CARTESIAN_POINT('',(1.475,1.6,1.43862244005029E-15));
#2794=VECTOR('',#3421,1.0);
#2795=CARTESIAN_POINT('',(1.475,8.06,1.40946282423116E-15));
#2796=VECTOR('',#3422,1.0);
#2797=CARTESIAN_POINT('',(-1.475,8.06,2.95446040294299E-16));
#2798=CARTESIAN_POINT('',(-0.475000000000001,8.06,2.95446040294299E-16));
#2799=CARTESIAN_POINT('',(-0.475,8.06,1.53820236506059E-15));
#2800=VECTOR('',#3423,1.0);
#2801=CARTESIAN_POINT('',(-1.475,1.6,1.4432899320127E-15));
#2802=CARTESIAN_POINT('',(-1.475,8.06,1.4432899320127E-15));
#2803=VECTOR('',#3424,1.0);
#2804=CARTESIAN_POINT('',(-0.475,1.6,2.95446040294299E-16));
#2805=CARTESIAN_POINT('',(-0.475,1.6,1.53820236506059E-15));
#2806=VECTOR('',#3425,1.0);
#2807=CARTESIAN_POINT('',(-0.475,8.06,1.51788304147971E-15));
#2808=VECTOR('',#3426,1.0);
#2809=CARTESIAN_POINT('',(-3.425,0.0,2.95446040294299E-16));
#2810=CARTESIAN_POINT('',(-3.89,0.554165420556308,0.0));
#2811=CARTESIAN_POINT('',(-3.425,0.0,0.0));
#2812=VECTOR('',#3427,1.0);
#2813=CARTESIAN_POINT('',(-3.89,8.05,0.0));
#2814=CARTESIAN_POINT('',(-3.89,9.9,2.95446040294299E-16));
#2815=VECTOR('',#3428,1.0);
#2816=CARTESIAN_POINT('',(-3.89,9.6,2.95446040294299E-16));
#2817=CARTESIAN_POINT('',(-3.89,9.6,0.0));
#2818=VECTOR('',#3429,1.0);
#2819=CARTESIAN_POINT('',(-4.19,9.9,2.95446040294299E-16));
#2820=CARTESIAN_POINT('',(-4.19,9.9,0.0));
#2821=VECTOR('',#3430,1.0);
#2822=CARTESIAN_POINT('',(-4.825,9.9,2.95446040294299E-16));
#2823=VECTOR('',#3431,1.0);
#2824=CARTESIAN_POINT('',(4.19,9.9,0.0));
#2825=CARTESIAN_POINT('',(-4.825,9.9,2.95446040294299E-16));
#2826=VECTOR('',#3432,1.0);
#2827=CARTESIAN_POINT('',(3.89,9.6,0.0));
#2828=CARTESIAN_POINT('',(4.19,9.9,0.0));
#2829=VECTOR('',#3433,1.0);
#2830=CARTESIAN_POINT('',(3.89,8.05,0.0));
#2831=CARTESIAN_POINT('',(3.89,9.6,0.0));
#2832=VECTOR('',#3434,1.0);
#2833=CARTESIAN_POINT('',(3.89,0.554165420556307,0.0));
#2834=CARTESIAN_POINT('',(3.89,9.9,2.95446040294299E-16));
#2835=VECTOR('',#3435,1.0);
#2836=CARTESIAN_POINT('',(3.425,0.0,0.0));
#2837=CARTESIAN_POINT('',(4.825,1.6684550296319,0.0));
#2838=VECTOR('',#3436,1.0);
#2839=CARTESIAN_POINT('',(-4.825,0.0,2.95446040294299E-16));
#2840=VECTOR('',#3437,1.0);
#2841=CARTESIAN_POINT('',(-4.825,1.6684550296319,3.86));
#2842=CARTESIAN_POINT('',(-4.825,1.6684550296319,3.22));
#2843=CARTESIAN_POINT('',(-4.825,1.6684550296319,38.214));
#2844=VECTOR('',#3438,1.0);
#2845=CARTESIAN_POINT('',(-3.425,0.0,3.22));
#2846=CARTESIAN_POINT('',(-4.825,1.6684550296319,3.22));
#2847=VECTOR('',#3439,1.0);
#2848=CARTESIAN_POINT('',(-3.425,0.0,3.86));
#2849=CARTESIAN_POINT('',(-3.425,0.0,38.214));
#2850=VECTOR('',#3440,1.0);
#2851=CARTESIAN_POINT('',(-3.42499999999999,-9.12269114605248E-15,3.86));
#2852=VECTOR('',#3441,1.0);
#2853=CARTESIAN_POINT('',(3.425,0.0,3.86));
#2854=CARTESIAN_POINT('',(3.425,0.0,3.22));
#2855=CARTESIAN_POINT('',(3.425,0.0,38.214));
#2856=VECTOR('',#3442,1.0);
#2857=CARTESIAN_POINT('',(3.425,0.0,3.22));
#2858=VECTOR('',#3443,1.0);
#2859=CARTESIAN_POINT('',(4.82500000000001,1.6684550296319,3.86));
#2860=VECTOR('',#3444,1.0);
#2861=CARTESIAN_POINT('',(-2.77,0.0,3.20000000000002));
#2862=CARTESIAN_POINT('',(-2.77,0.0,0.66000000000002));
#2863=CARTESIAN_POINT('',(-2.77,0.0,3.20000000000002));
#2864=VECTOR('',#3445,1.0);
#2865=CARTESIAN_POINT('',(-0.230000000000001,0.0,3.20000000000002));
#2866=CARTESIAN_POINT('',(-0.230000000000001,0.0,3.20000000000002));
#2867=VECTOR('',#3446,1.0);
#2868=CARTESIAN_POINT('',(-0.230000000000001,0.0,0.660000000000021));
#2869=CARTESIAN_POINT('',(-0.230000000000001,0.0,0.660000000000021));
#2870=VECTOR('',#3447,1.0);
#2871=CARTESIAN_POINT('',(-2.77,0.0,0.66000000000002));
#2872=VECTOR('',#3448,1.0);
#2873=CARTESIAN_POINT('',(0.23,0.0,3.20000000000002));
#2874=CARTESIAN_POINT('',(0.230000000000001,0.0,1.31000000000002));
#2875=CARTESIAN_POINT('',(0.23,0.0,3.20000000000002));
#2876=VECTOR('',#3449,1.0);
#2877=CARTESIAN_POINT('',(2.77,0.0,3.20000000000002));
#2878=CARTESIAN_POINT('',(2.77,0.0,3.20000000000002));
#2879=VECTOR('',#3450,1.0);
#2880=CARTESIAN_POINT('',(2.77,0.0,0.660000000000019));
#2881=CARTESIAN_POINT('',(2.77,0.0,0.660000000000019));
#2882=VECTOR('',#3451,1.0);
#2883=CARTESIAN_POINT('',(0.879999999999999,0.0,0.660000000000018));
#2884=CARTESIAN_POINT('',(0.879999999999999,0.0,0.660000000000018));
#2885=VECTOR('',#3452,1.0);
#2886=CARTESIAN_POINT('',(0.230000000000001,0.0,1.31000000000002));
#2887=VECTOR('',#3453,1.0);
#2888=CARTESIAN_POINT('',(4.825,0.0,3.86));
#2889=VECTOR('',#3454,1.0);
#2890=CARTESIAN_POINT('',(-3.425,4.33680868994202E-16,1.15));
#2891=CARTESIAN_POINT('',(-3.425,4.33680868994202E-16,3.22));
#2892=VECTOR('',#3455,1.0);
#2893=CARTESIAN_POINT('',(-3.425,0.0,38.214));
#2894=VECTOR('',#3456,1.0);
#2895=CARTESIAN_POINT('',(3.425,0.0,1.15));
#2896=CARTESIAN_POINT('',(3.425,0.0,38.214));
#2897=VECTOR('',#3457,1.0);
#2898=CARTESIAN_POINT('',(3.425,0.0,3.22));
#2899=VECTOR('',#3458,1.0);
#2900=CARTESIAN_POINT('',(-4.825,9.9,3.86));
#2901=VECTOR('',#3459,1.0);
#2902=CARTESIAN_POINT('',(1.3,0.54,3.85999999999998));
#2903=CARTESIAN_POINT('',(-1.3,0.54,3.85999999999998));
#2904=CARTESIAN_POINT('',(1.3,0.54,3.85999999999998));
#2905=VECTOR('',#3460,1.0);
#2906=CARTESIAN_POINT('',(-1.3,2.95,3.85999999999999));
#2907=CARTESIAN_POINT('',(-1.3,0.54,3.85999999999998));
#2908=VECTOR('',#3461,1.0);
#2909=CARTESIAN_POINT('',(1.3,2.95,3.85999999999999));
#2910=CARTESIAN_POINT('',(1.3,2.95,3.85999999999999));
#2911=VECTOR('',#3462,1.0);
#2912=CARTESIAN_POINT('',(1.3,0.54,3.85999999999998));
#2913=VECTOR('',#3463,1.0);
#2914=CARTESIAN_POINT('',(-4.825,11.05,-8.52));
#2915=VECTOR('',#3464,1.0);
#2916=CARTESIAN_POINT('',(-4.825,8.05,-0.51));
#2917=CARTESIAN_POINT('',(-4.825,8.05,-0.51));
#2918=VECTOR('',#3465,1.0);
#2919=CARTESIAN_POINT('',(-4.825,8.05,0.51));
#2920=CARTESIAN_POINT('',(-4.825,8.05,-0.51));
#2921=VECTOR('',#3466,1.0);
#2922=CARTESIAN_POINT('',(-4.825,1.6684550296319,0.510000000000004));
#2923=CARTESIAN_POINT('',(-4.825,9.9,0.51));
#2924=VECTOR('',#3467,1.0);
#2925=CARTESIAN_POINT('',(-4.825,1.6684550296319,1.15));
#2926=CARTESIAN_POINT('',(-4.825,1.6684550296319,38.214));
#2927=VECTOR('',#3468,1.0);
#2928=CARTESIAN_POINT('',(-4.825,1.6684550296319,3.22));
#2929=VECTOR('',#3469,1.0);
#2930=CARTESIAN_POINT('',(-4.825,11.05,0.39));
#2931=VECTOR('',#3470,1.0);
#2932=CARTESIAN_POINT('',(-1.3,2.2,5.05999999999998));
#2933=CARTESIAN_POINT('',(-1.3,2.2,5.05999999999998));
#2934=VECTOR('',#3471,1.0);
#2935=CARTESIAN_POINT('',(1.3,2.2,5.05999999999998));
#2936=CARTESIAN_POINT('',(1.3,2.2,5.05999999999998));
#2937=VECTOR('',#3472,1.0);
#2938=CARTESIAN_POINT('',(1.3,2.2,5.05999999999998));
#2939=VECTOR('',#3473,1.0);
#2940=CARTESIAN_POINT('',(-1.3,2.95,5.05999999999998));
#2941=CARTESIAN_POINT('',(-1.3,2.95,3.85999999999999));
#2942=VECTOR('',#3474,1.0);
#2943=CARTESIAN_POINT('',(1.3,2.95,5.05999999999998));
#2944=CARTESIAN_POINT('',(1.3,2.95,5.05999999999998));
#2945=VECTOR('',#3475,1.0);
#2946=CARTESIAN_POINT('',(1.3,2.95,3.85999999999999));
#2947=VECTOR('',#3476,1.0);
#2948=CARTESIAN_POINT('',(-1.3,2.95,5.05999999999998));
#2949=VECTOR('',#3477,1.0);
#2950=CARTESIAN_POINT('',(1.3,2.95,5.05999999999998));
#2951=VECTOR('',#3478,1.0);
#2952=CARTESIAN_POINT('',(-11.1453503038103,9.20075521065179,3.95746380207837));
#2953=VECTOR('',#3479,1.0);
#2954=CARTESIAN_POINT('',(-4.825,1.6684550296319,1.15));
#2955=VECTOR('',#3480,1.0);
#2956=CARTESIAN_POINT('',(12.3920905564146,10.6865623857248,4.63750393986252));
#2957=VECTOR('',#3481,1.0);
#2958=CARTESIAN_POINT('',(3.425,0.0,1.15));
#2959=VECTOR('',#3482,1.0);
#2960=CARTESIAN_POINT('',(3.425,1.6684550296319,1.15));
#2961=CARTESIAN_POINT('',(3.425,1.6684550296319,1.15));
#2962=VECTOR('',#3483,1.0);
#2963=CARTESIAN_POINT('',(3.425,1.6684550296319,3.22));
#2964=CARTESIAN_POINT('',(3.425,1.6684550296319,3.22));
#2965=VECTOR('',#3484,1.0);
#2966=CARTESIAN_POINT('',(3.425,1.6684550296319,3.22));
#2967=VECTOR('',#3485,1.0);
#2968=CARTESIAN_POINT('',(4.825,1.6684550296319,1.15));
#2969=VECTOR('',#3486,1.0);
#2970=CARTESIAN_POINT('',(4.825,1.6684550296319,3.22));
#2971=VECTOR('',#3487,1.0);
#2972=CARTESIAN_POINT('',(-3.425,1.6684550296319,1.15));
#2973=CARTESIAN_POINT('',(-3.425,0.0,1.15));
#2974=VECTOR('',#3488,1.0);
#2975=CARTESIAN_POINT('',(-3.425,1.6684550296319,3.22));
#2976=CARTESIAN_POINT('',(-3.425,0.0,3.22));
#2977=VECTOR('',#3489,1.0);
#2978=CARTESIAN_POINT('',(-3.425,1.6684550296319,3.22));
#2979=VECTOR('',#3490,1.0);
#2980=CARTESIAN_POINT('',(-3.425,1.6684550296319,1.15));
#2981=VECTOR('',#3491,1.0);
#2982=CARTESIAN_POINT('',(-3.425,1.6684550296319,3.22));
#2983=VECTOR('',#3492,1.0);
#2984=CARTESIAN_POINT('',(3.89,9.6,-0.51));
#2985=CARTESIAN_POINT('',(3.89,9.6,-0.51));
#2986=VECTOR('',#3493,1.0);
#2987=CARTESIAN_POINT('',(3.89,8.05,-0.51));
#2988=CARTESIAN_POINT('',(3.89,9.6,-0.51));
#2989=VECTOR('',#3494,1.0);
#2990=CARTESIAN_POINT('',(3.89,8.05,-0.51));
#2991=VECTOR('',#3495,1.0);
#2992=CARTESIAN_POINT('',(3.89,8.05,2.95446040294299E-16));
#2993=VECTOR('',#3496,1.0);
#2994=CARTESIAN_POINT('',(3.89,8.05,-0.51));
#2995=VECTOR('',#3497,1.0);
#2996=CARTESIAN_POINT('',(4.19,9.9,-0.51));
#2997=CARTESIAN_POINT('',(4.19,9.9,-0.51));
#2998=VECTOR('',#3498,1.0);
#2999=CARTESIAN_POINT('',(4.19,9.9,-0.51));
#3000=VECTOR('',#3499,1.0);
#3001=CARTESIAN_POINT('',(4.185,9.9,-0.51));
#3002=VECTOR('',#3500,1.0);
#3003=CARTESIAN_POINT('',(4.185,11.05,-0.51));
#3004=VECTOR('',#3501,1.0);
#3005=CARTESIAN_POINT('',(-3.89,9.6,-0.51));
#3006=CARTESIAN_POINT('',(-3.89,9.6,-0.51));
#3007=VECTOR('',#3502,1.0);
#3008=CARTESIAN_POINT('',(-4.19,9.9,-0.51));
#3009=CARTESIAN_POINT('',(-4.19,9.9,-0.51));
#3010=VECTOR('',#3503,1.0);
#3011=CARTESIAN_POINT('',(-4.19,9.9,-0.51));
#3012=VECTOR('',#3504,1.0);
#3013=CARTESIAN_POINT('',(-3.89,8.05,-0.51));
#3014=CARTESIAN_POINT('',(-3.89,8.05,-0.51));
#3015=VECTOR('',#3505,1.0);
#3016=CARTESIAN_POINT('',(-3.89,9.6,-0.51));
#3017=VECTOR('',#3506,1.0);
#3018=CARTESIAN_POINT('',(-3.6756050955414,8.05,-0.116942675159235));
#3019=VECTOR('',#3507,1.0);
#3020=CARTESIAN_POINT('',(-3.89,8.05,-0.51));
#3021=VECTOR('',#3508,1.0);
#3022=CARTESIAN_POINT('',(-4.185,9.9,-0.51));
#3023=VECTOR('',#3509,1.0);
#3024=CARTESIAN_POINT('',(0.230000000000001,6.6,1.31000000000002));
#3025=CARTESIAN_POINT('',(0.230000000000001,6.6,1.31000000000002));
#3026=VECTOR('',#3510,1.0);
#3027=CARTESIAN_POINT('',(0.23,6.6,3.20000000000002));
#3028=CARTESIAN_POINT('',(0.23,6.6,3.20000000000002));
#3029=VECTOR('',#3511,1.0);
#3030=CARTESIAN_POINT('',(0.23,6.6,3.20000000000002));
#3031=VECTOR('',#3512,1.0);
#3032=CARTESIAN_POINT('',(0.879999999999999,6.6,0.660000000000018));
#3033=CARTESIAN_POINT('',(0.879999999999999,6.6,0.660000000000018));
#3034=VECTOR('',#3513,1.0);
#3035=CARTESIAN_POINT('',(0.230000000000001,6.6,1.31000000000002));
#3036=VECTOR('',#3514,1.0);
#3037=CARTESIAN_POINT('',(2.77,6.6,0.660000000000019));
#3038=CARTESIAN_POINT('',(2.77,6.6,0.660000000000019));
#3039=VECTOR('',#3515,1.0);
#3040=CARTESIAN_POINT('',(0.879999999999999,6.6,0.660000000000018));
#3041=VECTOR('',#3516,1.0);
#3042=CARTESIAN_POINT('',(2.77,6.6,3.20000000000002));
#3043=CARTESIAN_POINT('',(2.77,6.6,3.20000000000002));
#3044=VECTOR('',#3517,1.0);
#3045=CARTESIAN_POINT('',(2.77,6.6,0.660000000000019));
#3046=VECTOR('',#3518,1.0);
#3047=CARTESIAN_POINT('',(2.77,6.6,3.20000000000002));
#3048=VECTOR('',#3519,1.0);
#3049=CARTESIAN_POINT('',(1.82,6.6,1.64));
#3050=CARTESIAN_POINT('',(1.82,6.6,2.28));
#3051=CARTESIAN_POINT('',(1.82,6.6,0.0));
#3052=VECTOR('',#3520,1.0);
#3053=CARTESIAN_POINT('',(1.18,6.6,1.64));
#3054=CARTESIAN_POINT('',(0.0,6.6,1.64));
#3055=VECTOR('',#3521,1.0);
#3056=CARTESIAN_POINT('',(1.18,6.6,2.28));
#3057=CARTESIAN_POINT('',(1.18,6.6,0.0));
#3058=VECTOR('',#3522,1.0);
#3059=CARTESIAN_POINT('',(0.0,6.6,2.28));
#3060=VECTOR('',#3523,1.0);
#3061=CARTESIAN_POINT('',(-2.77,6.6,0.66000000000002));
#3062=VECTOR('',#3524,1.0);
#3063=CARTESIAN_POINT('',(-2.77,6.6,3.20000000000002));
#3064=VECTOR('',#3525,1.0);
#3065=CARTESIAN_POINT('',(-0.230000000000001,6.6,0.660000000000021));
#3066=VECTOR('',#3526,1.0);
#3067=CARTESIAN_POINT('',(-0.230000000000001,6.6,3.20000000000002));
#3068=VECTOR('',#3527,1.0);
#3069=CARTESIAN_POINT('',(-1.475,1.6,-0.51));
#3070=CARTESIAN_POINT('',(-1.475,1.6,1.4432899320127E-15));
#3071=VECTOR('',#3528,1.0);
#3072=CARTESIAN_POINT('',(-1.475,8.06,-0.51));
#3073=CARTESIAN_POINT('',(-1.475,8.06,1.4432899320127E-15));
#3074=VECTOR('',#3529,1.0);
#3075=CARTESIAN_POINT('',(-1.475,8.06,-0.51));
#3076=VECTOR('',#3530,1.0);
#3077=CARTESIAN_POINT('',(-0.475,1.6,-0.51));
#3078=CARTESIAN_POINT('',(-1.475,1.6,-0.51));
#3079=VECTOR('',#3531,1.0);
#3080=CARTESIAN_POINT('',(-0.475,8.06,-0.51));
#3081=CARTESIAN_POINT('',(-1.475,8.06,-0.51));
#3082=VECTOR('',#3532,1.0);
#3083=CARTESIAN_POINT('',(-0.475,8.06,-0.51));
#3084=VECTOR('',#3533,1.0);
#3085=CARTESIAN_POINT('',(-0.475,1.6,-0.51));
#3086=VECTOR('',#3534,1.0);
#3087=CARTESIAN_POINT('',(-0.475,8.06,-0.51));
#3088=VECTOR('',#3535,1.0);
#3089=CARTESIAN_POINT('',(0.475,1.6,-0.51));
#3090=CARTESIAN_POINT('',(0.475,1.6,1.55431223447522E-15));
#3091=VECTOR('',#3536,1.0);
#3092=CARTESIAN_POINT('',(0.475,8.06,-0.51));
#3093=CARTESIAN_POINT('',(0.475,8.06,1.55431223447522E-15));
#3094=VECTOR('',#3537,1.0);
#3095=CARTESIAN_POINT('',(0.475,8.06,-0.51));
#3096=VECTOR('',#3538,1.0);
#3097=CARTESIAN_POINT('',(1.475,1.6,-0.51));
#3098=CARTESIAN_POINT('',(0.475,1.6,-0.51));
#3099=VECTOR('',#3539,1.0);
#3100=CARTESIAN_POINT('',(1.475,8.06,-0.51));
#3101=CARTESIAN_POINT('',(0.475,8.06,-0.51));
#3102=VECTOR('',#3540,1.0);
#3103=CARTESIAN_POINT('',(1.475,8.06,-0.51));
#3104=VECTOR('',#3541,1.0);
#3105=CARTESIAN_POINT('',(1.475,1.6,-0.51));
#3106=VECTOR('',#3542,1.0);
#3107=CARTESIAN_POINT('',(1.475,8.06,-0.51));
#3108=VECTOR('',#3543,1.0);
#3109=CARTESIAN_POINT('',(4.505,11.3,-0.0600000000000003));
#3110=CARTESIAN_POINT('',(4.185,11.05,-0.51));
#3111=VECTOR('',#3544,1.0);
#3112=CARTESIAN_POINT('',(4.64662221012521,11.1893576483397,-0.259156232988568));
#3113=VECTOR('',#3545,1.0);
#3114=CARTESIAN_POINT('',(4.4158111050626,11.2303211758302,0.0654218835057154));
#3115=VECTOR('',#3546,1.0);
#3116=CARTESIAN_POINT('',(4.185,11.05,0.39));
#3117=VECTOR('',#3547,1.0);
#3118=CARTESIAN_POINT('',(4.4158111050626,11.3696788241698,-0.185421883505716));
#3119=VECTOR('',#3548,1.0);
#3120=CARTESIAN_POINT('',(-1.18,3.28,2.28));
#3121=CARTESIAN_POINT('',(-1.82,3.28,2.28));
#3122=CARTESIAN_POINT('',(-1.18,3.28,2.28));
#3123=VECTOR('',#3549,1.0);
#3124=CARTESIAN_POINT('',(-1.7811763037533,3.13176406887623,2.24304063134331));
#3125=VECTOR('',#3550,1.0);
#3126=CARTESIAN_POINT('',(-1.18,3.28,2.28));
#3127=VECTOR('',#3551,1.0);
#3128=CARTESIAN_POINT('',(-1.82,3.28,1.64));
#3129=CARTESIAN_POINT('',(-1.5745219493381,2.34272017020002,1.87369010806922));
#3130=VECTOR('',#3552,1.0);
#3131=CARTESIAN_POINT('',(-1.18,3.28,1.64));
#3132=CARTESIAN_POINT('',(-1.18,3.28,1.64));
#3133=VECTOR('',#3553,1.0);
#3134=CARTESIAN_POINT('',(-1.3866543544152,2.4909561013238,1.83673073941253));
#3135=VECTOR('',#3554,1.0);
#3136=CARTESIAN_POINT('',(-1.18,10.4495879026213,2.28));
#3137=VECTOR('',#3555,1.0);
#3138=CARTESIAN_POINT('',(-1.18,3.28,3.0));
#3139=VECTOR('',#3556,1.0);
#3140=CARTESIAN_POINT('',(-1.18,3.28,1.64));
#3141=VECTOR('',#3557,1.0);
#3142=CARTESIAN_POINT('',(-1.82,3.28,3.0));
#3143=VECTOR('',#3558,1.0);
#3144=CARTESIAN_POINT('',(-1.82,6.6,2.28));
#3145=VECTOR('',#3559,1.0);
#3146=CARTESIAN_POINT('',(-1.82,6.6,1.64));
#3147=VECTOR('',#3560,1.0);
#3148=CARTESIAN_POINT('',(-1.18,10.4495879026213,1.64));
#3149=VECTOR('',#3561,1.0);
#3150=CARTESIAN_POINT('',(-1.18,10.4495879026213,2.28));
#3151=VECTOR('',#3562,1.0);
#3152=CARTESIAN_POINT('',(-1.18,10.7120569222838,1.5837037037037));
#3153=VECTOR('',#3563,1.0);
#3154=CARTESIAN_POINT('',(-1.18,12.24,1.64));
#3155=VECTOR('',#3564,1.0);
#3156=CARTESIAN_POINT('',(-1.7811763037533,12.3882359311238,1.67695936865669));
#3157=VECTOR('',#3565,1.0);
#3158=CARTESIAN_POINT('',(-1.38665435441519,13.0290438986762,2.08326926058747));
#3159=VECTOR('',#3566,1.0);
#3160=CARTESIAN_POINT('',(-1.5745219493381,13.1772798298,2.04630989193078));
#3161=VECTOR('',#3567,1.0);
#3162=CARTESIAN_POINT('',(-1.18,10.9745259419462,2.16740740740741));
#3163=VECTOR('',#3568,1.0);
#3164=CARTESIAN_POINT('',(1.82,3.28,2.28));
#3165=CARTESIAN_POINT('',(1.82,3.28,2.28));
#3166=VECTOR('',#3569,1.0);
#3167=CARTESIAN_POINT('',(1.18,3.28,2.28));
#3168=CARTESIAN_POINT('',(1.82,3.28,2.28));
#3169=VECTOR('',#3570,1.0);
#3170=CARTESIAN_POINT('',(1.21538577520216,3.13807540750079,2.24461422479784));
#3171=VECTOR('',#3571,1.0);
#3172=CARTESIAN_POINT('',(1.82,3.28,1.64));
#3173=CARTESIAN_POINT('',(1.18,3.28,1.64));
#3174=CARTESIAN_POINT('',(1.82,3.28,1.64));
#3175=VECTOR('',#3572,1.0);
#3176=CARTESIAN_POINT('',(1.62214422497825,2.48644382995284,1.83785577502174));
#3177=VECTOR('',#3573,1.0);
#3178=CARTESIAN_POINT('',(1.4132415502239,2.34451923745362,1.8732415502239));
#3179=VECTOR('',#3574,1.0);
#3180=CARTESIAN_POINT('',(1.82,3.28,1.63));
#3181=VECTOR('',#3575,1.0);
#3182=CARTESIAN_POINT('',(1.82,3.28,1.64));
#3183=VECTOR('',#3576,1.0);
#3184=CARTESIAN_POINT('',(1.82,10.3841670586392,2.28));
#3185=VECTOR('',#3577,1.0);
#3186=CARTESIAN_POINT('',(1.18,6.6,1.64));
#3187=VECTOR('',#3578,1.0);
#3188=CARTESIAN_POINT('',(1.18,3.28,1.63));
#3189=VECTOR('',#3579,1.0);
#3190=CARTESIAN_POINT('',(1.18,6.6,2.28));
#3191=VECTOR('',#3580,1.0);
#3192=CARTESIAN_POINT('',(1.82,10.3841670586392,1.64));
#3193=VECTOR('',#3581,1.0);
#3194=CARTESIAN_POINT('',(1.82,10.3841670586392,2.28));
#3195=VECTOR('',#3582,1.0);
#3196=CARTESIAN_POINT('',(1.82,10.9091050979641,1.75259259259259));
#3197=VECTOR('',#3583,1.0);
#3198=CARTESIAN_POINT('',(1.21538577520216,12.3819245924992,1.67538577520217));
#3199=VECTOR('',#3584,1.0);
#3200=CARTESIAN_POINT('',(1.82,12.24,1.64000000000001));
#3201=VECTOR('',#3585,1.0);
#3202=CARTESIAN_POINT('',(1.4132415502239,13.1754807625464,2.0467584497761));
#3203=VECTOR('',#3586,1.0);
#3204=CARTESIAN_POINT('',(1.62214422497825,13.0335561700472,2.08214422497826));
#3205=VECTOR('',#3587,1.0);
#3206=CARTESIAN_POINT('',(1.82,10.6466360783016,2.3362962962963));
#3207=VECTOR('',#3588,1.0);
#3208=DIRECTION('',(-1.0,0.0,-0.0));
#3209=CARTESIAN_POINT('',(1.82,11.27,0.95));
#3210=DIRECTION('',(1.0,0.0,0.0));
#3211=DIRECTION('',(0.0,1.0,-7.1329090295099E-17));
#3212=DIRECTION('',(-1.0,0.0,0.0));
#3213=CARTESIAN_POINT('',(1.18,11.27,0.95));
#3214=DIRECTION('',(1.0,0.0,0.0));
#3215=DIRECTION('',(0.0,1.0,-7.1329090295099E-17));
#3216=DIRECTION('',(-1.0,0.0,-0.0));
#3217=CARTESIAN_POINT('',(1.82,12.1654571256173,2.91564405124153));
#3218=DIRECTION('',(-1.0,0.0,0.0));
#3219=DIRECTION('',(0.0,1.0,0.0));
#3220=DIRECTION('',(-1.0,0.0,0.0));
#3221=CARTESIAN_POINT('',(1.18,12.1654571256173,2.91564405124153));
#3222=DIRECTION('',(-1.0,0.0,0.0));
#3223=DIRECTION('',(0.0,1.0,0.0));
#3224=DIRECTION('',(1.0,-0.0,0.0));
#3225=CARTESIAN_POINT('',(1.18,12.1577543926805,2.89873555753226));
#3226=DIRECTION('',(1.0,0.0,0.0));
#3227=DIRECTION('',(0.0,1.0,0.0));
#3228=DIRECTION('',(-1.0,0.0,0.0));
#3229=CARTESIAN_POINT('',(1.82,12.1577543926805,2.89873555753226));
#3230=DIRECTION('',(1.0,0.0,0.0));
#3231=DIRECTION('',(0.0,1.0,0.0));
#3232=DIRECTION('',(1.0,-0.0,-0.0));
#3233=CARTESIAN_POINT('',(1.18,11.27,0.95));
#3234=DIRECTION('',(-1.0,0.0,0.0));
#3235=DIRECTION('',(0.0,1.0,0.0));
#3236=DIRECTION('',(-1.0,0.0,0.0));
#3237=CARTESIAN_POINT('',(1.82,11.27,0.95));
#3238=DIRECTION('',(-1.0,0.0,0.0));
#3239=DIRECTION('',(0.0,1.0,0.0));
#3240=DIRECTION('',(-1.0,0.0,-0.0));
#3241=CARTESIAN_POINT('',(-1.18,11.3354208439821,2.97));
#3242=DIRECTION('',(-1.0,0.0,0.0));
#3243=DIRECTION('',(0.0,1.0,0.0));
#3244=DIRECTION('',(-1.0,0.0,0.0));
#3245=CARTESIAN_POINT('',(-1.82,11.3354208439821,2.97));
#3246=DIRECTION('',(-1.0,0.0,0.0));
#3247=DIRECTION('',(0.0,1.0,0.0));
#3248=DIRECTION('',(-1.0,0.0,-0.0));
#3249=CARTESIAN_POINT('',(-1.18,12.0851699868162,1.65901073518335));
#3250=DIRECTION('',(1.0,0.0,0.0));
#3251=DIRECTION('',(0.0,1.0,0.0));
#3252=DIRECTION('',(-1.0,0.0,0.0));
#3253=CARTESIAN_POINT('',(-1.82,12.0851699868162,1.65901073518335));
#3254=DIRECTION('',(1.0,0.0,0.0));
#3255=DIRECTION('',(0.0,1.0,0.0));
#3256=DIRECTION('',(1.0,-0.0,-0.0));
#3257=CARTESIAN_POINT('',(-1.82,12.2218274457748,1.00025805337392));
#3258=DIRECTION('',(-1.0,0.0,0.0));
#3259=DIRECTION('',(0.0,1.0,0.0));
#3260=DIRECTION('',(-1.0,0.0,0.0));
#3261=CARTESIAN_POINT('',(-1.18,12.2218274457748,1.00025805337392));
#3262=DIRECTION('',(-1.0,0.0,0.0));
#3263=DIRECTION('',(0.0,1.0,0.0));
#3264=DIRECTION('',(1.0,-0.0,0.0));
#3265=CARTESIAN_POINT('',(-1.82,11.3354208439821,2.97));
#3266=DIRECTION('',(1.0,0.0,0.0));
#3267=DIRECTION('',(0.0,1.0,0.0));
#3268=DIRECTION('',(-1.0,0.0,0.0));
#3269=CARTESIAN_POINT('',(-1.18,11.3354208439821,2.97));
#3270=DIRECTION('',(1.0,0.0,0.0));
#3271=DIRECTION('',(0.0,1.0,0.0));
#3272=DIRECTION('',(-1.0,0.0,0.0));
#3273=DIRECTION('',(0.0,0.0,1.0));
#3274=DIRECTION('',(-1.0,0.0,0.0));
#3275=DIRECTION('',(0.0,0.0,1.0));
#3276=CARTESIAN_POINT('',(1.82,12.1577543926805,2.89873555753226));
#3277=DIRECTION('',(1.0,0.0,0.0));
#3278=DIRECTION('',(0.0,1.0,0.0));
#3279=DIRECTION('',(0.0,0.0,1.0));
#3280=CARTESIAN_POINT('',(1.82,12.1654571256173,2.91564405124153));
#3281=DIRECTION('',(-1.0,0.0,0.0));
#3282=DIRECTION('',(0.0,1.0,0.0));
#3283=CARTESIAN_POINT('',(1.82,11.27,0.95));
#3284=DIRECTION('',(1.0,0.0,0.0));
#3285=DIRECTION('',(0.0,1.0,-7.1329090295099E-17));
#3286=CARTESIAN_POINT('',(1.82,10.3841670586392,2.92));
#3287=DIRECTION('',(-1.0,0.0,0.0));
#3288=DIRECTION('',(0.0,1.0,0.0));
#3289=DIRECTION('',(0.0,-1.0,0.0));
#3290=DIRECTION('',(0.0,0.0,1.0));
#3291=DIRECTION('',(0.0,1.0,0.0));
#3292=CARTESIAN_POINT('',(1.82,10.3841670586392,2.92));
#3293=DIRECTION('',(1.0,0.0,0.0));
#3294=DIRECTION('',(0.0,1.0,0.0));
#3295=CARTESIAN_POINT('',(1.82,11.27,0.95));
#3296=DIRECTION('',(-1.0,0.0,0.0));
#3297=DIRECTION('',(0.0,1.0,0.0));
#3298=DIRECTION('',(0.0,0.0,1.0));
#3299=CARTESIAN_POINT('',(1.18,12.1577543926805,2.89873555753226));
#3300=DIRECTION('',(1.0,0.0,0.0));
#3301=DIRECTION('',(0.0,1.0,0.0));
#3302=CARTESIAN_POINT('',(1.18,11.27,0.95));
#3303=DIRECTION('',(-1.0,0.0,0.0));
#3304=DIRECTION('',(0.0,1.0,0.0));
#3305=CARTESIAN_POINT('',(1.18,10.3841670586392,2.92));
#3306=DIRECTION('',(1.0,0.0,0.0));
#3307=DIRECTION('',(0.0,1.0,0.0));
#3308=DIRECTION('',(0.0,1.0,0.0));
#3309=DIRECTION('',(0.0,0.0,1.0));
#3310=DIRECTION('',(0.0,-1.0,0.0));
#3311=CARTESIAN_POINT('',(1.18,10.3841670586392,2.92));
#3312=DIRECTION('',(-1.0,0.0,0.0));
#3313=DIRECTION('',(0.0,1.0,0.0));
#3314=CARTESIAN_POINT('',(1.18,11.27,0.95));
#3315=DIRECTION('',(1.0,0.0,0.0));
#3316=DIRECTION('',(0.0,1.0,-7.1329090295099E-17));
#3317=CARTESIAN_POINT('',(1.18,12.1654571256173,2.91564405124153));
#3318=DIRECTION('',(-1.0,0.0,0.0));
#3319=DIRECTION('',(0.0,1.0,0.0));
#3320=DIRECTION('',(-1.0,0.0,0.0));
#3321=DIRECTION('',(0.0,0.0,1.0));
#3322=DIRECTION('',(-1.0,0.0,0.0));
#3323=DIRECTION('',(0.0,0.0,1.0));
#3324=DIRECTION('',(-1.0,0.0,0.0));
#3325=DIRECTION('',(0.0,0.0,-1.0));
#3326=DIRECTION('',(-1.0,0.0,0.0));
#3327=DIRECTION('',(0.0,0.0,-1.0));
#3328=DIRECTION('',(0.0,0.0,-1.0));
#3329=CARTESIAN_POINT('',(-1.18,12.0851699868162,1.65901073518335));
#3330=DIRECTION('',(1.0,0.0,0.0));
#3331=DIRECTION('',(0.0,1.0,0.0));
#3332=CARTESIAN_POINT('',(-1.18,11.3354208439821,2.97));
#3333=DIRECTION('',(-1.0,0.0,0.0));
#3334=DIRECTION('',(0.0,1.0,0.0));
#3335=CARTESIAN_POINT('',(-1.18,10.4495879026213,0.999999999999999));
#3336=DIRECTION('',(1.0,0.0,0.0));
#3337=DIRECTION('',(0.0,1.0,0.0));
#3338=DIRECTION('',(0.0,-1.0,-2.25312880217072E-16));
#3339=DIRECTION('',(0.0,0.0,-1.0));
#3340=DIRECTION('',(0.0,1.0,-6.53133838846689E-17));
#3341=CARTESIAN_POINT('',(-1.18,10.4495879026213,0.999999999999999));
#3342=DIRECTION('',(-1.0,0.0,0.0));
#3343=DIRECTION('',(0.0,1.0,0.0));
#3344=CARTESIAN_POINT('',(-1.18,11.3354208439821,2.97));
#3345=DIRECTION('',(1.0,0.0,0.0));
#3346=DIRECTION('',(0.0,1.0,0.0));
#3347=CARTESIAN_POINT('',(-1.18,12.2218274457748,1.00025805337392));
#3348=DIRECTION('',(-1.0,0.0,0.0));
#3349=DIRECTION('',(0.0,1.0,0.0));
#3350=DIRECTION('',(0.0,0.0,-1.0));
#3351=CARTESIAN_POINT('',(-1.82,12.2218274457748,1.00025805337392));
#3352=DIRECTION('',(-1.0,0.0,0.0));
#3353=DIRECTION('',(0.0,1.0,0.0));
#3354=CARTESIAN_POINT('',(-1.82,11.3354208439821,2.97));
#3355=DIRECTION('',(1.0,0.0,0.0));
#3356=DIRECTION('',(0.0,1.0,0.0));
#3357=CARTESIAN_POINT('',(-1.82,10.4495879026213,0.999999999999999));
#3358=DIRECTION('',(-1.0,0.0,0.0));
#3359=DIRECTION('',(0.0,1.0,0.0));
#3360=DIRECTION('',(0.0,1.0,0.0));
#3361=DIRECTION('',(0.0,0.0,-1.0));
#3362=DIRECTION('',(0.0,-1.0,-1.30626767769338E-16));
#3363=CARTESIAN_POINT('',(-1.82,10.4495879026213,0.999999999999999));
#3364=DIRECTION('',(1.0,0.0,0.0));
#3365=DIRECTION('',(0.0,1.0,0.0));
#3366=CARTESIAN_POINT('',(-1.82,11.3354208439821,2.97));
#3367=DIRECTION('',(-1.0,0.0,0.0));
#3368=DIRECTION('',(0.0,1.0,0.0));
#3369=CARTESIAN_POINT('',(-1.82,12.0851699868162,1.65901073518335));
#3370=DIRECTION('',(1.0,0.0,0.0));
#3371=DIRECTION('',(0.0,1.0,0.0));
#3372=DIRECTION('',(-1.0,0.0,0.0));
#3373=DIRECTION('',(0.0,0.0,-1.0));
#3374=DIRECTION('',(-1.0,0.0,0.0));
#3375=DIRECTION('',(0.0,0.0,-1.0));
#3376=DIRECTION('',(-1.0,0.0,0.0));
#3377=DIRECTION('',(1.0,0.0,0.0));
#3378=DIRECTION('',(0.0,0.0,-1.0));
#3379=DIRECTION('',(-1.0,0.0,0.0));
#3380=DIRECTION('',(2.24705113468499E-16,0.0,-1.0));
#3381=DIRECTION('',(-1.0,0.0,-5.39292272324396E-16));
#3382=DIRECTION('',(0.0,0.0,1.0));
#3383=DIRECTION('',(1.0,0.0,0.0));
#3384=DIRECTION('',(0.0,0.0,-1.0));
#3385=DIRECTION('',(1.0,0.0,0.0));
#3386=DIRECTION('',(1.0,0.0,0.0));
#3387=DIRECTION('',(-1.0,0.0,0.0));
#3388=DIRECTION('',(-3.41480999208033E-16,0.0,1.0));
#3389=DIRECTION('',(-1.0,0.0,-1.70740499604017E-16));
#3390=DIRECTION('',(8.53702498020083E-17,0.0,-1.0));
#3391=DIRECTION('',(1.0,0.0,1.70740499604017E-16));
#3392=DIRECTION('',(1.0,0.0,0.0));
#3393=DIRECTION('',(0.0,0.0,-1.0));
#3394=DIRECTION('',(-1.0,0.0,0.0));
#3395=DIRECTION('',(0.0,0.0,-1.0));
#3396=DIRECTION('',(0.527934936028456,-0.41244916877223,-0.742408503790014));
#3397=DIRECTION('',(-1.0,0.0,0.0));
#3398=DIRECTION('',(0.527934936028455,0.41244916877223,0.742408503790014));
#3399=DIRECTION('',(-0.527934936028456,0.41244916877223,-0.742408503790014));
#3400=DIRECTION('',(-0.527934936028454,-0.412449168772231,0.742408503790014));
#3401=DIRECTION('',(-1.0,0.0,0.0));
#3402=DIRECTION('',(0.0,1.0,0.0));
#3403=DIRECTION('',(0.0,-1.41417674672022E-16,1.0));
#3404=DIRECTION('',(0.0,-1.0,-1.41417674672022E-16));
#3405=DIRECTION('',(0.0,0.0,-1.0));
#3406=DIRECTION('',(-4.68844182696435E-16,-1.0,0.0));
#3407=DIRECTION('',(0.0,-1.41417674672022E-16,1.0));
#3408=DIRECTION('',(0.0,-1.0,-1.41417674672022E-16));
#3409=DIRECTION('',(0.0,-1.0,0.0));
#3410=DIRECTION('',(0.0,0.0,-1.0));
#3411=DIRECTION('',(0.0,0.0,-1.0));
#3412=DIRECTION('',(0.0,0.0,-1.0));
#3413=DIRECTION('',(0.0,1.0,0.0));
#3414=DIRECTION('',(0.0,0.0,-1.0));
#3415=DIRECTION('',(0.0,-1.41417674672022E-16,1.0));
#3416=DIRECTION('',(0.0,1.0,0.0));
#3417=DIRECTION('',(0.0,0.0,-1.0));
#3418=DIRECTION('',(0.0,-1.0,-1.41417674672022E-16));
#3419=DIRECTION('',(1.0,0.0,-9.95799250102961E-17));
#3420=DIRECTION('',(0.0,1.0,0.0));
#3421=DIRECTION('',(1.0,0.0,-9.95799250102961E-17));
#3422=DIRECTION('',(0.0,1.0,0.0));
#3423=DIRECTION('',(1.0,0.0,9.95799250102961E-17));
#3424=DIRECTION('',(0.0,1.0,0.0));
#3425=DIRECTION('',(1.0,0.0,9.95799250102961E-17));
#3426=DIRECTION('',(0.0,1.0,0.0));
#3427=DIRECTION('',(-0.642787609686539,0.766044443118978,0.0));
#3428=DIRECTION('',(0.0,1.0,0.0));
#3429=DIRECTION('',(0.0,1.0,0.0));
#3430=DIRECTION('',(-0.707106781186543,0.707106781186552,0.0));
#3431=DIRECTION('',(1.0,0.0,0.0));
#3432=DIRECTION('',(1.0,0.0,0.0));
#3433=DIRECTION('',(0.707106781186545,0.70710678118655,0.0));
#3434=DIRECTION('',(0.0,1.0,0.0));
#3435=DIRECTION('',(0.0,-1.0,0.0));
#3436=DIRECTION('',(-0.642787609686539,-0.766044443118978,0.0));
#3437=DIRECTION('',(1.0,0.0,0.0));
#3438=DIRECTION('',(0.0,0.0,-1.0));
#3439=DIRECTION('',(0.642787609686538,-0.766044443118979,0.0));
#3440=DIRECTION('',(0.0,0.0,-1.0));
#3441=DIRECTION('',(-0.642787609686539,0.766044443118978,-3.46650390649821E-16));
#3442=DIRECTION('',(0.0,0.0,-1.0));
#3443=DIRECTION('',(0.642787609686538,0.766044443118979,0.0));
#3444=DIRECTION('',(-0.642787609686539,-0.766044443118978,-3.46650390649821E-16));
#3445=DIRECTION('',(3.41480999208033E-16,0.0,-1.0));
#3446=DIRECTION('',(-1.0,0.0,-1.70740499604017E-16));
#3447=DIRECTION('',(-8.53702498020083E-17,0.0,1.0));
#3448=DIRECTION('',(1.0,0.0,1.70740499604017E-16));
#3449=DIRECTION('',(2.29460777245609E-16,0.0,-1.0));
#3450=DIRECTION('',(-1.0,0.0,-1.70740499604017E-16));
#3451=DIRECTION('',(-6.82961998416066E-16,0.0,1.0));
#3452=DIRECTION('',(1.0,0.0,5.73651943114023E-16));
#3453=DIRECTION('',(0.707106781186548,0.0,-0.707106781186547));
#3454=DIRECTION('',(-1.0,0.0,-5.39292272324396E-16));
#3455=DIRECTION('',(0.0,0.0,-1.0));
#3456=DIRECTION('',(0.0,0.0,-1.0));
#3457=DIRECTION('',(0.0,0.0,-1.0));
#3458=DIRECTION('',(0.0,0.0,-1.0));
#3459=DIRECTION('',(0.0,-1.0,0.0));
#3460=DIRECTION('',(-1.0,0.0,0.0));
#3461=DIRECTION('',(0.0,1.0,3.77896192899512E-15));
#3462=DIRECTION('',(-1.0,0.0,0.0));
#3463=DIRECTION('',(0.0,1.0,3.77896192899512E-15));
#3464=DIRECTION('',(0.0,-1.41417674672022E-16,1.0));
#3465=DIRECTION('',(0.0,-1.0,0.0));
#3466=DIRECTION('',(0.0,0.0,-1.0));
#3467=DIRECTION('',(0.0,-1.0,0.0));
#3468=DIRECTION('',(0.0,0.0,-1.0));
#3469=DIRECTION('',(0.0,0.0,-1.0));
#3470=DIRECTION('',(0.0,-1.0,-1.41417674672022E-16));
#3471=DIRECTION('',(0.0,-0.810421678379293,-0.585846996418766));
#3472=DIRECTION('',(0.0,-0.810421678379293,-0.585846996418766));
#3473=DIRECTION('',(-1.0,0.0,0.0));
#3474=DIRECTION('',(0.0,-7.22801448323674E-16,1.0));
#3475=DIRECTION('',(-1.0,0.0,0.0));
#3476=DIRECTION('',(0.0,-7.22801448323674E-16,1.0));
#3477=DIRECTION('',(0.0,-1.0,-1.15648231731787E-15));
#3478=DIRECTION('',(0.0,-1.0,-1.15648231731787E-15));
#3479=DIRECTION('',(0.60658472488997,-0.722899525100392,-0.330864395394529));
#3480=DIRECTION('',(0.642787609686538,-0.766044443118979,0.0));
#3481=DIRECTION('',(0.60658472488997,0.722899525100392,0.330864395394528));
#3482=DIRECTION('',(0.642787609686538,0.766044443118979,0.0));
#3483=DIRECTION('',(0.0,1.0,0.0));
#3484=DIRECTION('',(0.0,0.0,1.0));
#3485=DIRECTION('',(0.0,1.0,0.0));
#3486=DIRECTION('',(1.0,3.09772049281573E-16,0.0));
#3487=DIRECTION('',(1.0,3.09772049281573E-16,0.0));
#3488=DIRECTION('',(0.0,-1.0,0.0));
#3489=DIRECTION('',(0.0,-1.0,0.0));
#3490=DIRECTION('',(0.0,0.0,1.0));
#3491=DIRECTION('',(1.0,-3.09772049281573E-16,0.0));
#3492=DIRECTION('',(1.0,-3.09772049281573E-16,0.0));
#3493=DIRECTION('',(0.0,0.0,-1.0));
#3494=DIRECTION('',(0.0,1.0,0.0));
#3495=DIRECTION('',(0.0,0.0,-1.0));
#3496=DIRECTION('',(-0.877895572914385,0.0,-0.478852130680572));
#3497=DIRECTION('',(-1.0,0.0,0.0));
#3498=DIRECTION('',(0.0,0.0,-1.0));
#3499=DIRECTION('',(0.707106781186545,0.70710678118655,0.0));
#3500=DIRECTION('',(1.0,0.0,0.0));
#3501=DIRECTION('',(1.0,0.0,0.0));
#3502=DIRECTION('',(0.0,0.0,-1.0));
#3503=DIRECTION('',(-0.707106781186543,0.707106781186552,0.0));
#3504=DIRECTION('',(0.0,0.0,-1.0));
#3505=DIRECTION('',(0.0,0.0,-1.0));
#3506=DIRECTION('',(0.0,1.0,0.0));
#3507=DIRECTION('',(-0.877895572914385,0.0,0.478852130680573));
#3508=DIRECTION('',(1.0,0.0,0.0));
#3509=DIRECTION('',(-1.0,0.0,0.0));
#3510=DIRECTION('',(0.0,1.0,0.0));
#3511=DIRECTION('',(-2.29460777245609E-16,0.0,1.0));
#3512=DIRECTION('',(0.0,1.0,0.0));
#3513=DIRECTION('',(0.0,1.0,0.0));
#3514=DIRECTION('',(-0.707106781186548,0.0,0.707106781186547));
#3515=DIRECTION('',(0.0,1.0,0.0));
#3516=DIRECTION('',(-1.0,0.0,-5.73651943114023E-16));
#3517=DIRECTION('',(0.0,1.0,0.0));
#3518=DIRECTION('',(6.82961998416066E-16,0.0,-1.0));
#3519=DIRECTION('',(1.0,0.0,1.70740499604017E-16));
#3520=DIRECTION('',(0.0,0.0,1.0));
#3521=DIRECTION('',(-1.0,0.0,0.0));
#3522=DIRECTION('',(0.0,0.0,1.0));
#3523=DIRECTION('',(1.0,0.0,0.0));
#3524=DIRECTION('',(0.0,1.0,0.0));
#3525=DIRECTION('',(0.0,1.0,0.0));
#3526=DIRECTION('',(0.0,1.0,0.0));
#3527=DIRECTION('',(0.0,1.0,0.0));
#3528=DIRECTION('',(0.0,0.0,1.0));
#3529=DIRECTION('',(0.0,0.0,1.0));
#3530=DIRECTION('',(0.0,1.0,0.0));
#3531=DIRECTION('',(-1.0,0.0,-2.16840434497101E-16));
#3532=DIRECTION('',(-1.0,0.0,-2.16840434497101E-16));
#3533=DIRECTION('',(0.0,1.0,0.0));
#3534=DIRECTION('',(0.0,0.0,-1.0));
#3535=DIRECTION('',(0.0,0.0,-1.0));
#3536=DIRECTION('',(0.0,0.0,1.0));
#3537=DIRECTION('',(0.0,0.0,1.0));
#3538=DIRECTION('',(0.0,1.0,0.0));
#3539=DIRECTION('',(-1.0,0.0,2.16840434497101E-16));
#3540=DIRECTION('',(-1.0,0.0,2.16840434497101E-16));
#3541=DIRECTION('',(0.0,1.0,0.0));
#3542=DIRECTION('',(0.0,0.0,-1.0));
#3543=DIRECTION('',(0.0,0.0,-1.0));
#3544=DIRECTION('',(-0.527934936028456,-0.41244916877223,-0.742408503790014));
#3545=DIRECTION('',(-0.527934936028455,0.41244916877223,0.742408503790014));
#3546=DIRECTION('',(0.527934936028456,0.41244916877223,-0.742408503790014));
#3547=DIRECTION('',(1.0,0.0,0.0));
#3548=DIRECTION('',(0.527934936028454,-0.412449168772231,0.742408503790014));
#3549=DIRECTION('',(-1.0,0.0,0.0));
#3550=DIRECTION('',(0.246296620734983,-0.940405279169946,-0.234469370118623));
#3551=DIRECTION('',(0.246296620734984,0.940405279169946,0.234469370118623));
#3552=DIRECTION('',(-0.246296620734983,0.940405279169946,-0.234469370118623));
#3553=DIRECTION('',(-1.0,0.0,0.0));
#3554=DIRECTION('',(-0.246296620734984,-0.940405279169946,0.234469370118623));
#3555=DIRECTION('',(0.0,-1.0,-2.25312880217072E-16));
#3556=DIRECTION('',(0.0,0.0,-1.0));
#3557=DIRECTION('',(0.0,1.0,-6.53133838846689E-17));
#3558=DIRECTION('',(0.0,0.0,-1.0));
#3559=DIRECTION('',(0.0,-1.0,-1.30626767769338E-16));
#3560=DIRECTION('',(0.0,1.0,0.0));
#3561=DIRECTION('',(-1.0,0.0,0.0));
#3562=DIRECTION('',(-1.0,0.0,0.0));
#3563=DIRECTION('',(-1.0,0.0,0.0));
#3564=DIRECTION('',(0.246296620734985,-0.940405279169945,-0.234469370118624));
#3565=DIRECTION('',(0.246296620734985,0.940405279169945,0.234469370118624));
#3566=DIRECTION('',(-0.246296620734985,0.940405279169945,-0.234469370118626));
#3567=DIRECTION('',(-0.246296620734985,-0.940405279169945,0.234469370118626));
#3568=DIRECTION('',(-1.0,0.0,0.0));
#3569=DIRECTION('',(0.235138839312813,0.943090373449569,0.235138839312811));
#3570=DIRECTION('',(-1.0,0.0,0.0));
#3571=DIRECTION('',(0.235138839312814,-0.943090373449569,-0.235138839312811));
#3572=DIRECTION('',(-1.0,0.0,0.0));
#3573=DIRECTION('',(-0.235138839312813,-0.943090373449569,0.23513883931281));
#3574=DIRECTION('',(-0.235138839312814,0.943090373449569,-0.23513883931281));
#3575=DIRECTION('',(0.0,0.0,1.0));
#3576=DIRECTION('',(0.0,1.0,0.0));
#3577=DIRECTION('',(0.0,-1.0,0.0));
#3578=DIRECTION('',(0.0,1.0,0.0));
#3579=DIRECTION('',(0.0,0.0,1.0));
#3580=DIRECTION('',(0.0,-1.0,0.0));
#3581=DIRECTION('',(-1.0,0.0,0.0));
#3582=DIRECTION('',(-1.0,0.0,0.0));
#3583=DIRECTION('',(-1.0,0.0,0.0));
#3584=DIRECTION('',(0.235138839312815,0.943090373449573,0.235138839312794));
#3585=DIRECTION('',(0.235138839312815,-0.943090373449573,-0.235138839312794));
#3586=DIRECTION('',(-0.235138839312815,-0.943090373449572,0.235138839312795));
#3587=DIRECTION('',(-0.235138839312815,0.943090373449572,-0.235138839312795));
#3588=DIRECTION('',(-1.0,0.0,0.0));
#3589=PRESENTATION_LAYER_ASSIGNMENT('','',(#51,#52,#53,#54,#55,#56,#57,#58,#59,#60,#61,#62,#63,#64,#65,#66,#67,#68,#69,#70,#71,#72,#73,#74,#75,#76,#77,#78,#79,#80,#81,#82,#83,#84,#85,#86,#87,#88,#89,#90,#91,#92,#93,#94,#95,#96,#97,#98,#99,#100,#101,#102,#103,#104,#105,#106,#107,#108,#109,#110,#111,#112,#113,#114,#115,#116,#117,#118,#119,#120,#121,#122,#123,#124,#125,#126,#127,#128,#129,#130,#131,#132,#133,#134,#135,#136,#137,#138,#139,#140,#141,#142,#143,#144,#145,#146,#147,#148,#149,#150,#151,#152,#153,#154,#155,#156,#157,#158,#159,#160,#161,#162,#163,#164,#165,#166,#167,#168,#169,#170,#171,#172,#173,#174,#1669,#1670,#1671,#1673,#1674,#1675,#1677,#1678,#1679,#1681,#1682,#1683,#1685,#1686,#1687,#1689,#1690,#1691,#1693,#1694,#1695,#1697,#1698,#1699,#1700,#1701,#1702,#1703,#1704,#1705,#1706,#1707,#1708,#1709,#1710,#1711,#1712,#1713,#1714,#1715,#1716,#1717,#1718,#1719,#1720,#1721,#1722,#1723,#1724,#1725,#1726,#1727,#1728,#1729,#1730,#1731,#1732,#1733,#1734,#1735,#1736,#1737,#1738,#1739,#1740,#1741,#1742,#1743,#1744,#1745,#1746,#1747,#1748,#1749,#1750,#1751,#1752,#1753,#1754,#1755,#1756,#1757,#1758,#1759,#1760,#1761,#1762,#1763,#1764,#1765,#1766,#1767,#1768,#1769,#1770,#1771,#1772,#1773,#1774,#1775,#1776,#1777,#1778,#1779,#1780,#1781,#1782,#1783,#1784,#1785,#1786,#1787,#1788,#1789,#1790,#1791,#1792,#1793,#1794,#1795,#1796,#1797,#1798,#1799,#1800,#1801,#1802,#1803,#1804,#1805,#1806,#1807,#1808,#1809,#1810,#1811,#1812,#1813,#1814,#1815,#1816,#1817,#1818,#1819,#1820,#1821,#1822,#1823,#1824,#1825,#1826,#1827,#1828,#1829,#1830,#1831,#1832,#1833,#1834,#1835,#1836,#1837,#1838,#1839,#1840,#1841,#1842,#1843,#1844,#1845,#1846,#1847,#1848,#1849,#1850,#1851,#1852,#1853,#1854,#1855,#1856,#1857,#1858,#1859,#1860,#1861,#1862,#1863,#1864,#1865,#1866,#1867,#1868,#1869,#1870,#1871,#1872,#1873,#1874,#1875,#1876,#1877,#1878,#1879,#1880,#1881,#1882,#1883,#1884,#1885,#1886,#1887,#1888,#1889,#1890,#1891,#1892,#1893,#1894,#1895,#1896,#1897,#1898,#1899,#1900,#1901,#1902,#1903,#1904,#1905,#1906,#1907,#1908,#1909,#1910,#1911,#1912,#1913,#1914,#1915,#1916,#1917,#1918,#1919,#1920,#1921,#1922,#1923,#1924,#1925,#1926,#1927,#1928,#1929,#1930,#1931,#1932,#1933,#1934,#1935,#1936,#1937,#1938,#1939,#1940,#1941,#1942,#1943,#1944,#1945,#1946,#1947,#1948,#1949,#1950,#1951,#1952,#1953,#1954,#1955,#1956,#1957,#1958,#1959,#1960,#1961,#1962,#1963,#1964,#1965,#1966,#1967,#1968,#1972,#1974,#1980,#1982,#1988,#1990,#1996,#1998,#2004,#2006,#2012,#2014,#2020,#2022,#2028,#2030,#2033,#2034,#2036,#2038,#2044,#2046,#2048,#2050,#2052,#2054,#2059,#2061,#2063,#2065,#2067,#2069,#2073,#2074,#2076,#2078,#2081,#2082,#2084,#2086,#2091,#2093,#2095,#2097,#2099,#2101,#2107,#2109,#2111,#2113,#2115,#2117,#2121,#2122,#2124,#2126,#2131,#2132,#2134,#2136,#2138,#2140,#2142,#2144,#2149,#2150,#2152,#2154,#2157,#2158,#2160,#2162,#2165,#2166,#2168,#2171,#2173,#2176,#2181,#2182,#2184,#2187,#2189,#2191,#2193,#2195,#2198,#2199,#2201,#2205,#2206,#2208,#2210,#2213,#2214,#2216,#2218,#2221,#2222,#2224,#2226,#2228,#2231,#2233,#2235,#2237,#2239,#2242,#2243,#2245,#2247,#2250,#2251,#2255,#2256,#2258,#2260,#2263,#2264,#2266,#2268,#2270,#2274,#2277,#2281,#2282,#2284,#2286,#2290,#2292,#2294,#2296,#2300,#2302,#2305,#2307,#2316,#2318,#2323,#2325,#2330,#2332,#2337,#2342,#2344,#2347,#2353,#2355,#2358,#2361,#2364,#2368,#2369,#2371,#2373,#2380,#2382,#2385,#2387,#2392,#2394,#2397,#2399,#2404,#2410,#2411,#2415,#2417,#2434,#2436,#2439,#2440));
#3590=PRESENTATION_LAYER_ASSIGNMENT('1','Layer 1',(#25));
ENDSEC;
END-ISO-10303-21;
